# Blender 5.2.0 LTS
# www.blender.org
mtllib cube.mtl
o cube
v 0.025000 0.020420 -0.021337
v 0.025000 0.020015 -0.021461
v 0.025000 0.024000 -0.024000
v 0.025000 0.019171 -0.016537
v 0.025000 0.019594 -0.016519
v 0.025000 0.024000 0.024000
v 0.025000 0.020015 -0.016573
v 0.025000 0.020420 -0.016697
v 0.025000 0.021952 -0.018594
v 0.025000 0.021988 -0.019017
v 0.025000 0.021952 -0.019439
v 0.025000 0.021845 -0.019850
v 0.025000 0.021671 -0.020236
v 0.025000 0.021433 -0.020587
v 0.025000 0.020799 -0.016888
v 0.025000 0.021140 -0.017140
v 0.025000 0.021433 -0.017446
v 0.025000 0.021140 -0.020894
v 0.025000 0.020799 -0.021146
v 0.025000 0.018363 -0.021249
v 0.025000 0.018002 -0.021027
v 0.025000 -0.025000 -0.024000
v 0.025000 0.017683 -0.020747
v 0.025000 0.017417 -0.020417
v 0.025000 0.017210 -0.020047
v 0.025000 0.017069 -0.019647
v 0.025000 0.016997 -0.019229
v 0.025000 0.017417 -0.017617
v 0.025000 0.017683 -0.017287
v 0.025000 -0.025000 0.024000
v 0.025000 0.021671 -0.017798
v 0.025000 0.021845 -0.018184
v 0.025000 0.019594 -0.021515
v 0.025000 0.019171 -0.021497
v 0.025000 0.018756 -0.021407
v 0.025000 0.018002 -0.017007
v 0.025000 0.018363 -0.016785
v 0.025000 0.018756 -0.016626
v 0.025000 0.016997 -0.018805
v 0.025000 0.017069 -0.018387
v 0.025000 0.017210 -0.017987
v 0.019998 0.025000 -0.016611
v 0.019746 0.025000 -0.016270
v 0.024000 0.025000 0.024000
v 0.015426 0.025000 -0.017395
v 0.015372 0.025000 -0.017816
v -0.024000 0.025000 -0.024000
v 0.019440 0.025000 -0.015977
v 0.019089 0.025000 -0.015740
v 0.018702 0.025000 -0.015565
v 0.018292 0.025000 -0.015458
v 0.017869 0.025000 -0.015422
v 0.017447 0.025000 -0.015458
v -0.018915 0.025000 0.018408
v -0.019167 0.025000 0.018067
v -0.024000 0.025000 0.024000
v -0.019358 0.025000 0.017688
v -0.019482 0.025000 0.017283
v -0.018438 0.025000 0.014685
v -0.018068 0.025000 0.014478
v 0.015993 0.025000 -0.016270
v -0.017668 0.025000 0.014337
v -0.017250 0.025000 0.014265
v 0.017037 0.025000 -0.015565
v -0.015162 0.025000 0.018408
v -0.015468 0.025000 0.018701
v -0.015819 0.025000 0.018938
v -0.016205 0.025000 0.019113
v -0.016616 0.025000 0.019220
v -0.017038 0.025000 0.019256
v -0.017461 0.025000 0.019220
v -0.017871 0.025000 0.019113
v -0.018257 0.025000 0.018938
v -0.018609 0.025000 0.018701
v -0.018768 0.025000 0.014951
v 0.015741 0.025000 -0.016611
v 0.015550 0.025000 -0.016990
v 0.020349 0.025000 -0.018240
v 0.020367 0.025000 -0.017816
v 0.024000 0.025000 -0.024000
v 0.020313 0.025000 -0.017395
v 0.020189 0.025000 -0.016990
v -0.016826 0.025000 0.014265
v -0.016408 0.025000 0.014337
v -0.016008 0.025000 0.014478
v -0.014594 0.025000 0.017283
v -0.014718 0.025000 0.017688
v -0.014909 0.025000 0.018067
v -0.019536 0.025000 0.016862
v -0.019518 0.025000 0.016438
v -0.019429 0.025000 0.016024
v -0.019271 0.025000 0.015630
v -0.015638 0.025000 0.014685
v -0.015308 0.025000 0.014951
v 0.016299 0.025000 -0.015977
v -0.015028 0.025000 0.015269
v 0.016650 0.025000 -0.015740
v -0.019048 0.025000 0.015269
v 0.015390 0.025000 -0.018240
v 0.015479 0.025000 -0.018654
v 0.015637 0.025000 -0.019048
v -0.014648 0.025000 0.016024
v -0.014558 0.025000 0.016438
v -0.014540 0.025000 0.016862
v 0.019879 0.025000 -0.019409
v 0.020102 0.025000 -0.019048
v 0.020260 0.025000 -0.018654
v -0.014806 0.025000 0.015630
v 0.015859 0.025000 -0.019409
v 0.016140 0.025000 -0.019727
v 0.016470 0.025000 -0.019993
v 0.018082 0.025000 -0.020413
v 0.018499 0.025000 -0.020341
v 0.018899 0.025000 -0.020200
v 0.016840 0.025000 -0.020200
v 0.017240 0.025000 -0.020341
v 0.017657 0.025000 -0.020413
v 0.019269 0.025000 -0.019993
v 0.019599 0.025000 -0.019727
v -0.025000 0.021963 0.019766
v -0.025000 0.021839 0.020171
v -0.025000 0.024000 0.024000
v -0.025000 -0.024000 0.024000
v -0.025000 -0.019705 -0.017547
v -0.025000 -0.020127 -0.017583
v -0.025000 -0.020538 -0.017690
v -0.025000 -0.020924 -0.017864
v -0.025000 -0.021275 -0.018102
v -0.025000 -0.022025 -0.019115
v -0.025000 -0.022149 -0.019520
v -0.025000 0.024000 -0.024000
v -0.025000 -0.017695 -0.021533
v -0.025000 -0.017472 -0.021172
v -0.025000 -0.022185 -0.020364
v -0.025000 -0.022095 -0.020779
v -0.025000 -0.024000 -0.024000
v -0.025000 0.021249 0.017434
v -0.025000 0.021529 0.017752
v -0.025000 0.021751 0.018113
v -0.025000 0.021909 0.018507
v -0.025000 0.021999 0.018921
v -0.025000 0.022017 0.019345
v -0.025000 0.018489 0.016961
v -0.025000 0.018889 0.016820
v -0.025000 -0.017576 -0.018736
v -0.025000 0.019307 0.016748
v -0.025000 -0.022203 -0.019941
v -0.025000 -0.021937 -0.021172
v -0.025000 -0.021715 -0.021533
v -0.025000 -0.021435 -0.021852
v -0.025000 -0.017314 -0.020779
v -0.025000 -0.017225 -0.020364
v -0.025000 -0.017207 -0.019941
v -0.025000 0.021648 0.020550
v -0.025000 0.021396 0.020891
v -0.025000 0.021090 0.021184
v -0.025000 0.020738 0.021421
v -0.025000 0.020352 0.021596
v -0.025000 0.019942 0.021703
v -0.025000 0.018300 0.021421
v -0.025000 0.017948 0.021184
v -0.025000 0.017642 0.020891
v -0.025000 0.017039 0.018921
v -0.025000 0.017021 0.019345
v -0.025000 0.017075 0.019766
v -0.025000 0.017129 0.018507
v -0.025000 -0.018872 -0.017690
v -0.025000 0.017287 0.018113
v -0.025000 -0.018486 -0.017864
v -0.025000 -0.019282 -0.017583
v -0.025000 0.019731 0.016748
v -0.025000 0.020149 0.016820
v -0.025000 0.020549 0.016961
v -0.025000 -0.021581 -0.018395
v -0.025000 -0.021834 -0.018736
v -0.025000 0.020919 0.017168
v -0.025000 -0.017385 -0.019115
v -0.025000 -0.017261 -0.019520
v -0.025000 0.017390 0.020550
v -0.025000 0.017199 0.020171
v -0.025000 -0.021105 -0.022118
v -0.025000 -0.020735 -0.022325
v -0.025000 -0.020335 -0.022466
v -0.025000 -0.018675 -0.022325
v -0.025000 -0.018305 -0.022118
v -0.025000 -0.017975 -0.021852
v -0.025000 0.019519 0.021739
v -0.025000 0.019097 0.021703
v -0.025000 0.018686 0.021596
v -0.025000 -0.018134 -0.018102
v -0.025000 0.017509 0.017752
v -0.025000 -0.017828 -0.018395
v -0.025000 0.017789 0.017434
v -0.025000 0.018119 0.017168
v -0.025000 -0.019917 -0.022538
v -0.025000 -0.019493 -0.022538
v -0.025000 -0.019075 -0.022466
v -0.024000 -0.025000 0.024000
v -0.024000 -0.025000 -0.024000
v 0.021588 0.021213 0.025000
v 0.021825 0.020862 0.025000
v 0.024000 0.024000 0.025000
v 0.022000 0.020476 0.025000
v 0.022107 0.020065 0.025000
v 0.021825 0.018424 0.025000
v 0.021588 0.018072 0.025000
v 0.024000 -0.024000 0.025000
v 0.021295 0.017766 0.025000
v 0.020954 0.017514 0.025000
v 0.022143 0.019643 0.025000
v 0.022107 0.019220 0.025000
v 0.022000 0.018810 0.025000
v 0.020575 0.017323 0.025000
v 0.020170 0.017199 0.025000
v 0.019749 0.017145 0.025000
v -0.024000 -0.024000 0.025000
v 0.018156 0.017633 0.025000
v 0.017838 0.017913 0.025000
v 0.019749 0.022141 0.025000
v 0.020170 0.022087 0.025000
v 0.020575 0.021963 0.025000
v 0.017572 0.018243 0.025000
v 0.017365 0.018613 0.025000
v -0.024000 0.024000 0.025000
v 0.017224 0.019013 0.025000
v 0.017152 0.019431 0.025000
v 0.017152 0.019855 0.025000
v 0.017224 0.020273 0.025000
v 0.017365 0.020673 0.025000
v 0.020954 0.021772 0.025000
v 0.021295 0.021520 0.025000
v 0.019325 0.017163 0.025000
v 0.018911 0.017252 0.025000
v 0.018517 0.017411 0.025000
v 0.017572 0.021043 0.025000
v 0.017838 0.021373 0.025000
v 0.018156 0.021653 0.025000
v 0.018517 0.021875 0.025000
v 0.018911 0.022033 0.025000
v 0.019325 0.022123 0.025000
v -0.020514 0.014377 -0.025000
v -0.020621 0.013967 -0.025000
v -0.024000 0.024000 -0.025000
v -0.017031 0.015776 -0.025000
v -0.017425 0.015935 -0.025000
v 0.017050 -0.018962 -0.025000
v 0.017086 -0.019384 -0.025000
v -0.024000 -0.024000 -0.025000
v 0.017193 -0.019795 -0.025000
v 0.017367 -0.020181 -0.025000
v 0.017605 -0.020532 -0.025000
v 0.017898 -0.020838 -0.025000
v 0.018239 -0.021091 -0.025000
v -0.020657 0.013544 -0.025000
v -0.020621 0.013122 -0.025000
v -0.020514 0.012711 -0.025000
v -0.020339 0.012325 -0.025000
v -0.020102 0.011974 -0.025000
v -0.019809 0.011667 -0.025000
v -0.019468 0.011415 -0.025000
v -0.019809 0.015421 -0.025000
v -0.020102 0.015115 -0.025000
v -0.020339 0.014763 -0.025000
v 0.024000 -0.024000 -0.025000
v 0.021037 -0.020972 -0.025000
v 0.021355 -0.020692 -0.025000
v 0.021621 -0.020362 -0.025000
v 0.021828 -0.019992 -0.025000
v 0.021969 -0.019592 -0.025000
v 0.024000 0.024000 -0.025000
v 0.019023 -0.016518 -0.025000
v -0.016086 0.014944 -0.025000
v -0.016352 0.015274 -0.025000
v 0.017898 -0.017085 -0.025000
v -0.017839 0.016024 -0.025000
v -0.018263 0.016042 -0.025000
v -0.018684 0.015988 -0.025000
v -0.019089 0.015864 -0.025000
v -0.019468 0.015673 -0.025000
v 0.019868 -0.021442 -0.025000
v 0.020282 -0.021352 -0.025000
v 0.020676 -0.021194 -0.025000
v 0.018618 -0.016642 -0.025000
v 0.018239 -0.016833 -0.025000
v -0.019089 0.011224 -0.025000
v -0.018684 0.011100 -0.025000
v -0.018263 0.011046 -0.025000
v -0.016086 0.012144 -0.025000
v -0.015879 0.012514 -0.025000
v -0.016670 0.011534 -0.025000
v 0.017086 -0.018539 -0.025000
v 0.017193 -0.018129 -0.025000
v -0.016670 0.015554 -0.025000
v 0.018618 -0.021282 -0.025000
v 0.019023 -0.021406 -0.025000
v 0.019444 -0.021460 -0.025000
v 0.021969 -0.018332 -0.025000
v 0.022041 -0.018750 -0.025000
v 0.022041 -0.019174 -0.025000
v 0.021828 -0.017932 -0.025000
v 0.021621 -0.017562 -0.025000
v 0.021355 -0.017232 -0.025000
v -0.017839 0.011064 -0.025000
v -0.017425 0.011154 -0.025000
v -0.017031 0.011312 -0.025000
v 0.021037 -0.016952 -0.025000
v 0.020676 -0.016729 -0.025000
v 0.020282 -0.016571 -0.025000
v 0.019868 -0.016482 -0.025000
v 0.019444 -0.016464 -0.025000
v -0.015738 0.012914 -0.025000
v -0.015666 0.013332 -0.025000
v -0.015666 0.013756 -0.025000
v -0.015738 0.014174 -0.025000
v -0.015879 0.014574 -0.025000
v -0.016352 0.011814 -0.025000
v 0.017605 -0.017391 -0.025000
v 0.017367 -0.017743 -0.025000
v -0.024000 0.024988 -0.024156
v -0.024155 0.024976 -0.024156
v -0.024250 0.024182 -0.024951
v -0.024127 0.024092 -0.024988
v -0.024139 0.024071 -0.024988
v -0.024156 0.024000 -0.024988
v -0.024155 0.024024 -0.024988
v -0.024111 0.024111 -0.024988
v -0.024219 0.024219 -0.024951
v -0.024321 0.024321 -0.024891
v -0.024092 0.024127 -0.024988
v -0.024275 0.024140 -0.024951
v -0.024149 0.024048 -0.024988
v -0.024294 0.024095 -0.024951
v -0.024305 0.024048 -0.024951
v -0.024309 0.024000 -0.024951
v -0.024182 0.024250 -0.024951
v -0.024267 0.024367 -0.024891
v -0.024345 0.024476 -0.024809
v -0.024071 0.024139 -0.024988
v -0.024367 0.024267 -0.024891
v -0.024405 0.024206 -0.024891
v -0.024432 0.024140 -0.024891
v -0.024448 0.024071 -0.024891
v -0.024454 0.024000 -0.024891
v -0.024140 0.024275 -0.024951
v -0.024206 0.024405 -0.024891
v -0.024267 0.024524 -0.024809
v -0.024321 0.024630 -0.024707
v -0.024048 0.024149 -0.024988
v -0.024416 0.024416 -0.024809
v -0.024476 0.024345 -0.024809
v -0.024524 0.024267 -0.024809
v -0.024559 0.024182 -0.024809
v -0.024581 0.024092 -0.024809
v -0.024588 0.024000 -0.024809
v -0.024095 0.024294 -0.024951
v -0.024140 0.024432 -0.024891
v -0.024182 0.024559 -0.024809
v -0.024219 0.024673 -0.024707
v -0.024250 0.024769 -0.024588
v -0.024024 0.024155 -0.024988
v -0.024416 0.024572 -0.024707
v -0.024500 0.024500 -0.024707
v -0.024572 0.024416 -0.024707
v -0.024630 0.024321 -0.024707
v -0.024672 0.024219 -0.024707
v -0.024698 0.024111 -0.024707
v -0.024707 0.024000 -0.024707
v -0.024048 0.024305 -0.024951
v -0.024071 0.024448 -0.024891
v -0.024092 0.024581 -0.024809
v -0.024111 0.024698 -0.024707
v -0.024127 0.024799 -0.024588
v -0.024139 0.024880 -0.024454
v -0.024000 0.024156 -0.024988
v -0.024367 0.024721 -0.024588
v -0.024476 0.024655 -0.024588
v -0.024572 0.024572 -0.024588
v -0.024655 0.024476 -0.024588
v -0.024721 0.024367 -0.024588
v -0.024769 0.024250 -0.024588
v -0.024799 0.024127 -0.024588
v -0.024809 0.024000 -0.024588
v -0.024000 0.024309 -0.024951
v -0.024000 0.024454 -0.024891
v -0.024000 0.024588 -0.024809
v -0.024000 0.024707 -0.024707
v -0.024000 0.024809 -0.024588
v -0.024000 0.024891 -0.024454
v -0.024000 0.024951 -0.024309
v -0.024275 0.024847 -0.024454
v -0.024405 0.024794 -0.024454
v -0.024524 0.024721 -0.024454
v -0.024630 0.024630 -0.024454
v -0.024721 0.024524 -0.024454
v -0.024794 0.024405 -0.024454
v -0.024847 0.024275 -0.024454
v -0.024880 0.024139 -0.024454
v -0.024891 0.024000 -0.024454
v -0.024149 0.024939 -0.024309
v -0.024294 0.024905 -0.024309
v -0.024432 0.024847 -0.024309
v -0.024559 0.024769 -0.024309
v -0.024672 0.024673 -0.024309
v -0.024769 0.024559 -0.024309
v -0.024847 0.024432 -0.024309
v -0.024905 0.024294 -0.024309
v -0.024939 0.024149 -0.024309
v -0.024951 0.024000 -0.024309
v -0.024305 0.024939 -0.024156
v -0.024448 0.024880 -0.024156
v -0.024581 0.024799 -0.024156
v -0.024698 0.024698 -0.024156
v -0.024799 0.024581 -0.024156
v -0.024880 0.024448 -0.024156
v -0.024939 0.024305 -0.024156
v -0.024976 0.024155 -0.024156
v -0.024988 0.024000 -0.024156
v -0.024156 0.024988 -0.024000
v -0.024309 0.024951 -0.024000
v -0.024454 0.024891 -0.024000
v -0.024588 0.024809 -0.024000
v -0.024707 0.024707 -0.024000
v -0.024809 0.024588 -0.024000
v -0.024891 0.024454 -0.024000
v -0.024951 0.024309 -0.024000
v -0.024988 0.024156 -0.024000
v 0.024000 0.024000 -0.025000
v -0.024000 0.024000 -0.025000
v 0.024000 0.024156 -0.024988
v 0.024000 0.024309 -0.024951
v 0.024000 0.024454 -0.024891
v 0.024000 0.024588 -0.024809
v 0.024000 0.024707 -0.024707
v 0.024000 0.024809 -0.024588
v 0.024000 0.024891 -0.024454
v 0.024000 0.024951 -0.024309
v 0.024000 0.024988 -0.024156
v 0.024000 -0.024000 -0.025000
v 0.024156 0.024000 -0.024988
v 0.024156 -0.024156 -0.024988
v 0.024309 0.024000 -0.024951
v 0.024309 -0.024309 -0.024951
v 0.024454 0.024000 -0.024891
v 0.024454 -0.024454 -0.024891
v 0.024588 0.024000 -0.024809
v 0.024588 -0.024588 -0.024809
v 0.024707 0.024000 -0.024707
v 0.024707 -0.024707 -0.024707
v 0.024809 0.024000 -0.024588
v 0.024809 -0.024809 -0.024588
v 0.024853 -0.024853 -0.024523
v 0.024891 0.024000 -0.024454
v 0.024891 -0.024891 -0.024454
v 0.024924 -0.024924 -0.024383
v 0.024951 0.024000 -0.024309
v 0.024951 -0.024951 -0.024309
v 0.024972 -0.024972 -0.024233
v 0.024988 0.024000 -0.024156
v 0.024988 -0.024988 -0.024156
v 0.024997 -0.024997 -0.024078
v -0.024000 -0.024988 -0.024156
v -0.024000 -0.024951 -0.024309
v -0.024000 -0.024891 -0.024454
v -0.024000 -0.024809 -0.024588
v -0.024000 -0.024707 -0.024707
v -0.024000 -0.024588 -0.024809
v -0.024000 -0.024454 -0.024891
v -0.024000 -0.024309 -0.024951
v -0.024000 -0.024156 -0.024988
v -0.024000 -0.024000 -0.025000
v -0.024156 -0.024000 -0.024988
v -0.024309 -0.024000 -0.024951
v -0.024454 -0.024000 -0.024891
v -0.024588 -0.024000 -0.024809
v -0.024707 -0.024000 -0.024707
v -0.024809 -0.024000 -0.024588
v -0.024891 -0.024000 -0.024454
v -0.024951 -0.024000 -0.024309
v -0.024988 -0.024000 -0.024156
v -0.024156 0.024988 0.024000
v -0.024309 0.024951 0.024000
v -0.024454 0.024891 0.024000
v -0.024588 0.024809 0.024000
v -0.024707 0.024707 0.024000
v -0.024809 0.024588 0.024000
v -0.024891 0.024454 0.024000
v -0.024951 0.024309 0.024000
v -0.024988 0.024156 0.024000
v 0.024976 0.024155 -0.024156
v 0.024182 0.024250 -0.024951
v 0.024092 0.024127 -0.024988
v 0.024071 0.024139 -0.024988
v 0.024024 0.024155 -0.024988
v 0.024111 0.024111 -0.024988
v 0.024219 0.024219 -0.024951
v 0.024321 0.024321 -0.024891
v 0.024127 0.024092 -0.024988
v 0.024140 0.024275 -0.024951
v 0.024048 0.024149 -0.024988
v 0.024095 0.024294 -0.024951
v 0.024048 0.024305 -0.024951
v 0.024250 0.024182 -0.024951
v 0.024367 0.024267 -0.024891
v 0.024476 0.024345 -0.024809
v 0.024139 0.024071 -0.024988
v 0.024267 0.024367 -0.024891
v 0.024206 0.024405 -0.024891
v 0.024140 0.024432 -0.024891
v 0.024071 0.024448 -0.024891
v 0.024275 0.024140 -0.024951
v 0.024405 0.024206 -0.024891
v 0.024524 0.024267 -0.024809
v 0.024630 0.024321 -0.024707
v 0.024149 0.024048 -0.024988
v 0.024416 0.024416 -0.024809
v 0.024345 0.024476 -0.024809
v 0.024267 0.024524 -0.024809
v 0.024182 0.024559 -0.024809
v 0.024092 0.024581 -0.024809
v 0.024294 0.024095 -0.024951
v 0.024432 0.024140 -0.024891
v 0.024559 0.024182 -0.024809
v 0.024673 0.024219 -0.024707
v 0.024769 0.024250 -0.024588
v 0.024155 0.024024 -0.024988
v 0.024572 0.024416 -0.024707
v 0.024500 0.024500 -0.024707
v 0.024416 0.024572 -0.024707
v 0.024321 0.024630 -0.024707
v 0.024219 0.024673 -0.024707
v 0.024111 0.024698 -0.024707
v 0.024305 0.024048 -0.024951
v 0.024448 0.024071 -0.024891
v 0.024581 0.024092 -0.024809
v 0.024698 0.024111 -0.024707
v 0.024799 0.024127 -0.024588
v 0.024880 0.024139 -0.024454
v 0.024721 0.024367 -0.024588
v 0.024655 0.024476 -0.024588
v 0.024572 0.024572 -0.024588
v 0.024476 0.024655 -0.024588
v 0.024367 0.024721 -0.024588
v 0.024250 0.024769 -0.024588
v 0.024127 0.024799 -0.024588
v 0.024847 0.024275 -0.024454
v 0.024794 0.024405 -0.024454
v 0.024721 0.024524 -0.024454
v 0.024630 0.024630 -0.024454
v 0.024524 0.024721 -0.024454
v 0.024405 0.024794 -0.024454
v 0.024275 0.024847 -0.024454
v 0.024139 0.024880 -0.024454
v 0.024939 0.024149 -0.024309
v 0.024905 0.024294 -0.024309
v 0.024847 0.024432 -0.024309
v 0.024769 0.024559 -0.024309
v 0.024673 0.024673 -0.024309
v 0.024559 0.024769 -0.024309
v 0.024432 0.024847 -0.024309
v 0.024294 0.024905 -0.024309
v 0.024149 0.024939 -0.024309
v 0.024939 0.024305 -0.024156
v 0.024880 0.024448 -0.024156
v 0.024799 0.024581 -0.024156
v 0.024698 0.024698 -0.024156
v 0.024581 0.024799 -0.024156
v 0.024448 0.024880 -0.024156
v 0.024305 0.024939 -0.024156
v 0.024155 0.024976 -0.024156
v 0.024988 0.024156 -0.024000
v 0.024951 0.024309 -0.024000
v 0.024891 0.024454 -0.024000
v 0.024809 0.024588 -0.024000
v 0.024707 0.024707 -0.024000
v 0.024588 0.024809 -0.024000
v 0.024454 0.024891 -0.024000
v 0.024309 0.024951 -0.024000
v 0.024156 0.024988 -0.024000
v -0.024976 -0.024155 -0.024156
v -0.024182 -0.024250 -0.024951
v -0.024092 -0.024127 -0.024988
v -0.024071 -0.024139 -0.024988
v -0.024024 -0.024155 -0.024988
v -0.024111 -0.024111 -0.024988
v -0.024219 -0.024219 -0.024951
v -0.024321 -0.024321 -0.024891
v -0.024127 -0.024092 -0.024988
v -0.024140 -0.024275 -0.024951
v -0.024048 -0.024149 -0.024988
v -0.024095 -0.024294 -0.024951
v -0.024048 -0.024305 -0.024951
v -0.024250 -0.024182 -0.024951
v -0.024367 -0.024267 -0.024891
v -0.024476 -0.024345 -0.024809
v -0.024139 -0.024071 -0.024988
v -0.024267 -0.024367 -0.024891
v -0.024206 -0.024405 -0.024891
v -0.024140 -0.024432 -0.024891
v -0.024071 -0.024448 -0.024891
v -0.024275 -0.024140 -0.024951
v -0.024405 -0.024206 -0.024891
v -0.024524 -0.024267 -0.024809
v -0.024630 -0.024321 -0.024707
v -0.024149 -0.024048 -0.024988
v -0.024416 -0.024416 -0.024809
v -0.024345 -0.024476 -0.024809
v -0.024267 -0.024524 -0.024809
v -0.024182 -0.024559 -0.024809
v -0.024092 -0.024581 -0.024809
v -0.024294 -0.024095 -0.024951
v -0.024432 -0.024140 -0.024891
v -0.024559 -0.024182 -0.024809
v -0.024672 -0.024219 -0.024707
v -0.024769 -0.024250 -0.024588
v -0.024155 -0.024024 -0.024988
v -0.024572 -0.024416 -0.024707
v -0.024500 -0.024500 -0.024707
v -0.024416 -0.024572 -0.024707
v -0.024321 -0.024630 -0.024707
v -0.024219 -0.024672 -0.024707
v -0.024111 -0.024698 -0.024707
v -0.024305 -0.024048 -0.024951
v -0.024448 -0.024071 -0.024891
v -0.024581 -0.024092 -0.024809
v -0.024698 -0.024111 -0.024707
v -0.024799 -0.024127 -0.024588
v -0.024880 -0.024139 -0.024454
v -0.024721 -0.024367 -0.024588
v -0.024655 -0.024476 -0.024588
v -0.024572 -0.024572 -0.024588
v -0.024476 -0.024655 -0.024588
v -0.024367 -0.024721 -0.024588
v -0.024250 -0.024769 -0.024588
v -0.024127 -0.024799 -0.024588
v -0.024847 -0.024275 -0.024454
v -0.024794 -0.024405 -0.024454
v -0.024721 -0.024524 -0.024454
v -0.024630 -0.024630 -0.024454
v -0.024524 -0.024721 -0.024454
v -0.024405 -0.024794 -0.024454
v -0.024275 -0.024847 -0.024454
v -0.024139 -0.024880 -0.024454
v -0.024939 -0.024149 -0.024309
v -0.024905 -0.024294 -0.024309
v -0.024847 -0.024432 -0.024309
v -0.024769 -0.024559 -0.024309
v -0.024672 -0.024672 -0.024309
v -0.024559 -0.024769 -0.024309
v -0.024432 -0.024847 -0.024309
v -0.024294 -0.024905 -0.024309
v -0.024149 -0.024939 -0.024309
v -0.024939 -0.024305 -0.024156
v -0.024880 -0.024448 -0.024156
v -0.024799 -0.024581 -0.024156
v -0.024698 -0.024698 -0.024156
v -0.024581 -0.024799 -0.024156
v -0.024448 -0.024880 -0.024156
v -0.024305 -0.024939 -0.024156
v -0.024155 -0.024976 -0.024156
v -0.024988 -0.024156 -0.024000
v -0.024951 -0.024309 -0.024000
v -0.024891 -0.024454 -0.024000
v -0.024809 -0.024588 -0.024000
v -0.024707 -0.024707 -0.024000
v -0.024588 -0.024809 -0.024000
v -0.024454 -0.024891 -0.024000
v -0.024309 -0.024951 -0.024000
v -0.024156 -0.024988 -0.024000
v -0.024000 0.024156 0.024988
v -0.024155 0.024156 0.024976
v -0.024250 0.024951 0.024182
v -0.024127 0.024988 0.024092
v -0.024139 0.024988 0.024071
v -0.024155 0.024988 0.024024
v -0.024111 0.024988 0.024111
v -0.024219 0.024951 0.024219
v -0.024321 0.024891 0.024321
v -0.024092 0.024988 0.024127
v -0.024275 0.024951 0.024140
v -0.024149 0.024988 0.024048
v -0.024294 0.024951 0.024095
v -0.024305 0.024951 0.024048
v -0.024182 0.024951 0.024250
v -0.024267 0.024891 0.024367
v -0.024345 0.024809 0.024476
v -0.024071 0.024988 0.024139
v -0.024367 0.024891 0.024267
v -0.024405 0.024891 0.024206
v -0.024432 0.024891 0.024140
v -0.024448 0.024891 0.024071
v -0.024140 0.024951 0.024275
v -0.024206 0.024891 0.024405
v -0.024267 0.024809 0.024524
v -0.024321 0.024707 0.024630
v -0.024048 0.024988 0.024149
v -0.024416 0.024809 0.024416
v -0.024476 0.024809 0.024345
v -0.024524 0.024809 0.024267
v -0.024559 0.024809 0.024182
v -0.024581 0.024809 0.024092
v -0.024095 0.024951 0.024294
v -0.024140 0.024891 0.024432
v -0.024182 0.024809 0.024559
v -0.024219 0.024707 0.024673
v -0.024250 0.024588 0.024769
v -0.024024 0.024988 0.024155
v -0.024416 0.024707 0.024572
v -0.024500 0.024707 0.024500
v -0.024572 0.024707 0.024416
v -0.024630 0.024707 0.024321
v -0.024672 0.024707 0.024219
v -0.024698 0.024707 0.024111
v -0.024048 0.024951 0.024305
v -0.024071 0.024891 0.024448
v -0.024092 0.024809 0.024581
v -0.024111 0.024707 0.024698
v -0.024127 0.024588 0.024799
v -0.024139 0.024454 0.024880
v -0.024000 0.024988 0.024156
v -0.024367 0.024588 0.024721
v -0.024476 0.024588 0.024655
v -0.024572 0.024588 0.024572
v -0.024655 0.024588 0.024476
v -0.024721 0.024588 0.024367
v -0.024769 0.024588 0.024250
v -0.024799 0.024588 0.024127
v -0.024000 0.024951 0.024309
v -0.024000 0.024891 0.024454
v -0.024000 0.024809 0.024588
v -0.024000 0.024707 0.024707
v -0.024000 0.024588 0.024809
v -0.024000 0.024454 0.024891
v -0.024000 0.024309 0.024951
v -0.024275 0.024454 0.024847
v -0.024405 0.024454 0.024794
v -0.024524 0.024454 0.024721
v -0.024630 0.024454 0.024630
v -0.024721 0.024454 0.024524
v -0.024794 0.024454 0.024405
v -0.024847 0.024454 0.024275
v -0.024880 0.024454 0.024139
v -0.024149 0.024309 0.024939
v -0.024294 0.024309 0.024905
v -0.024432 0.024309 0.024847
v -0.024559 0.024309 0.024769
v -0.024672 0.024309 0.024673
v -0.024769 0.024309 0.024559
v -0.024847 0.024309 0.024432
v -0.024905 0.024309 0.024294
v -0.024939 0.024309 0.024149
v -0.024305 0.024156 0.024939
v -0.024448 0.024156 0.024880
v -0.024581 0.024156 0.024799
v -0.024698 0.024156 0.024698
v -0.024799 0.024156 0.024581
v -0.024880 0.024156 0.024448
v -0.024939 0.024156 0.024305
v -0.024976 0.024156 0.024155
v -0.024156 0.024000 0.024988
v -0.024309 0.024000 0.024951
v -0.024454 0.024000 0.024891
v -0.024588 0.024000 0.024809
v -0.024707 0.024000 0.024707
v -0.024809 0.024000 0.024588
v -0.024891 0.024000 0.024454
v -0.024951 0.024000 0.024309
v -0.024988 0.024000 0.024156
v 0.024000 0.024156 0.024988
v 0.024000 0.024309 0.024951
v 0.024000 0.024454 0.024891
v 0.024000 0.024588 0.024809
v 0.024000 0.024707 0.024707
v 0.024000 0.024809 0.024588
v 0.024000 0.024891 0.024454
v 0.024000 0.024951 0.024309
v 0.024000 0.024988 0.024156
v 0.024988 0.024156 0.024000
v 0.024951 0.024309 0.024000
v 0.024891 0.024454 0.024000
v 0.024809 0.024588 0.024000
v 0.024707 0.024707 0.024000
v 0.024588 0.024809 0.024000
v 0.024454 0.024891 0.024000
v 0.024309 0.024951 0.024000
v 0.024156 0.024988 0.024000
v -0.024988 -0.024156 0.024000
v -0.024951 -0.024309 0.024000
v -0.024891 -0.024454 0.024000
v -0.024809 -0.024588 0.024000
v -0.024707 -0.024707 0.024000
v -0.024588 -0.024809 0.024000
v -0.024454 -0.024891 0.024000
v -0.024309 -0.024951 0.024000
v -0.024156 -0.024988 0.024000
v -0.024156 -0.024000 0.024988
v -0.024309 -0.024000 0.024951
v -0.024454 -0.024000 0.024891
v -0.024588 -0.024000 0.024809
v -0.024707 -0.024000 0.024707
v -0.024809 -0.024000 0.024588
v -0.024891 -0.024000 0.024454
v -0.024951 -0.024000 0.024309
v -0.024988 -0.024000 0.024156
v 0.024976 0.024156 0.024155
v 0.024182 0.024951 0.024250
v 0.024092 0.024988 0.024127
v 0.024071 0.024988 0.024139
v 0.024024 0.024988 0.024155
v 0.024111 0.024988 0.024111
v 0.024219 0.024951 0.024219
v 0.024321 0.024891 0.024321
v 0.024127 0.024988 0.024092
v 0.024140 0.024951 0.024275
v 0.024048 0.024988 0.024149
v 0.024095 0.024951 0.024294
v 0.024048 0.024951 0.024305
v 0.024250 0.024951 0.024182
v 0.024367 0.024891 0.024267
v 0.024476 0.024809 0.024345
v 0.024139 0.024988 0.024071
v 0.024267 0.024891 0.024367
v 0.024206 0.024891 0.024405
v 0.024140 0.024891 0.024432
v 0.024071 0.024891 0.024448
v 0.024275 0.024951 0.024140
v 0.024405 0.024891 0.024206
v 0.024524 0.024809 0.024267
v 0.024630 0.024707 0.024321
v 0.024149 0.024988 0.024048
v 0.024416 0.024809 0.024416
v 0.024345 0.024809 0.024476
v 0.024267 0.024809 0.024524
v 0.024182 0.024809 0.024559
v 0.024092 0.024809 0.024581
v 0.024294 0.024951 0.024095
v 0.024432 0.024891 0.024140
v 0.024559 0.024809 0.024182
v 0.024673 0.024707 0.024219
v 0.024769 0.024588 0.024250
v 0.024155 0.024988 0.024024
v 0.024572 0.024707 0.024416
v 0.024500 0.024707 0.024500
v 0.024416 0.024707 0.024572
v 0.024321 0.024707 0.024630
v 0.024219 0.024707 0.024673
v 0.024111 0.024707 0.024698
v 0.024305 0.024951 0.024048
v 0.024448 0.024891 0.024071
v 0.024581 0.024809 0.024092
v 0.024698 0.024707 0.024111
v 0.024799 0.024588 0.024127
v 0.024880 0.024454 0.024139
v 0.024721 0.024588 0.024367
v 0.024655 0.024588 0.024476
v 0.024572 0.024588 0.024572
v 0.024476 0.024588 0.024655
v 0.024367 0.024588 0.024721
v 0.024250 0.024588 0.024769
v 0.024127 0.024588 0.024799
v 0.024847 0.024454 0.024275
v 0.024794 0.024454 0.024405
v 0.024721 0.024454 0.024524
v 0.024630 0.024454 0.024630
v 0.024524 0.024454 0.024721
v 0.024405 0.024454 0.024794
v 0.024275 0.024454 0.024847
v 0.024139 0.024454 0.024880
v 0.024939 0.024309 0.024149
v 0.024905 0.024309 0.024294
v 0.024847 0.024309 0.024432
v 0.024769 0.024309 0.024559
v 0.024673 0.024309 0.024673
v 0.024559 0.024309 0.024769
v 0.024432 0.024309 0.024847
v 0.024294 0.024309 0.024905
v 0.024149 0.024309 0.024939
v 0.024939 0.024156 0.024305
v 0.024880 0.024156 0.024448
v 0.024799 0.024156 0.024581
v 0.024698 0.024156 0.024698
v 0.024581 0.024156 0.024799
v 0.024448 0.024156 0.024880
v 0.024305 0.024156 0.024939
v 0.024155 0.024156 0.024976
v 0.024988 0.024000 0.024156
v 0.024951 0.024000 0.024309
v 0.024891 0.024000 0.024454
v 0.024809 0.024000 0.024588
v 0.024707 0.024000 0.024707
v 0.024588 0.024000 0.024809
v 0.024454 0.024000 0.024891
v 0.024309 0.024000 0.024951
v 0.024156 0.024000 0.024988
v -0.024156 -0.024155 0.024976
v -0.024951 -0.024250 0.024182
v -0.024988 -0.024127 0.024092
v -0.024988 -0.024139 0.024071
v -0.024988 -0.024155 0.024024
v -0.024988 -0.024111 0.024111
v -0.024951 -0.024219 0.024219
v -0.024891 -0.024321 0.024321
v -0.024988 -0.024092 0.024127
v -0.024951 -0.024275 0.024140
v -0.024988 -0.024149 0.024048
v -0.024951 -0.024294 0.024095
v -0.024951 -0.024305 0.024048
v -0.024951 -0.024182 0.024250
v -0.024891 -0.024267 0.024367
v -0.024809 -0.024345 0.024476
v -0.024988 -0.024071 0.024139
v -0.024891 -0.024367 0.024267
v -0.024891 -0.024405 0.024206
v -0.024891 -0.024432 0.024140
v -0.024891 -0.024448 0.024071
v -0.024951 -0.024140 0.024275
v -0.024891 -0.024206 0.024405
v -0.024809 -0.024267 0.024524
v -0.024707 -0.024321 0.024630
v -0.024988 -0.024048 0.024149
v -0.024809 -0.024416 0.024416
v -0.024809 -0.024476 0.024345
v -0.024809 -0.024524 0.024267
v -0.024809 -0.024559 0.024182
v -0.024809 -0.024581 0.024092
v -0.024951 -0.024095 0.024294
v -0.024891 -0.024140 0.024432
v -0.024809 -0.024182 0.024559
v -0.024707 -0.024219 0.024673
v -0.024588 -0.024250 0.024769
v -0.024988 -0.024024 0.024155
v -0.024707 -0.024416 0.024572
v -0.024707 -0.024500 0.024500
v -0.024707 -0.024572 0.024416
v -0.024707 -0.024630 0.024321
v -0.024707 -0.024673 0.024219
v -0.024707 -0.024698 0.024111
v -0.024951 -0.024048 0.024305
v -0.024891 -0.024071 0.024448
v -0.024809 -0.024092 0.024581
v -0.024707 -0.024111 0.024698
v -0.024588 -0.024127 0.024799
v -0.024454 -0.024139 0.024880
v -0.024588 -0.024367 0.024721
v -0.024588 -0.024476 0.024655
v -0.024588 -0.024572 0.024572
v -0.024588 -0.024655 0.024476
v -0.024588 -0.024721 0.024367
v -0.024588 -0.024769 0.024250
v -0.024588 -0.024799 0.024127
v -0.024454 -0.024275 0.024847
v -0.024454 -0.024405 0.024794
v -0.024454 -0.024524 0.024721
v -0.024454 -0.024630 0.024630
v -0.024454 -0.024721 0.024524
v -0.024454 -0.024794 0.024405
v -0.024454 -0.024847 0.024275
v -0.024454 -0.024880 0.024139
v -0.024309 -0.024149 0.024939
v -0.024309 -0.024294 0.024905
v -0.024309 -0.024432 0.024847
v -0.024309 -0.024559 0.024769
v -0.024309 -0.024673 0.024673
v -0.024309 -0.024769 0.024559
v -0.024309 -0.024847 0.024432
v -0.024309 -0.024905 0.024294
v -0.024309 -0.024939 0.024149
v -0.024156 -0.024305 0.024939
v -0.024156 -0.024448 0.024880
v -0.024156 -0.024581 0.024799
v -0.024156 -0.024698 0.024698
v -0.024156 -0.024799 0.024581
v -0.024156 -0.024880 0.024448
v -0.024156 -0.024939 0.024305
v -0.024156 -0.024976 0.024155
v -0.024000 -0.024156 0.024988
v -0.024000 -0.024309 0.024951
v -0.024000 -0.024454 0.024891
v -0.024000 -0.024588 0.024809
v -0.024000 -0.024707 0.024707
v -0.024000 -0.024809 0.024588
v -0.024000 -0.024891 0.024454
v -0.024000 -0.024951 0.024309
v -0.024000 -0.024988 0.024156
v 0.024997 -0.024997 0.024078
v 0.024988 -0.024988 0.024156
v 0.024972 -0.024972 0.024233
v 0.024951 -0.024951 0.024309
v 0.024924 -0.024924 0.024383
v 0.024891 -0.024891 0.024454
v 0.024853 -0.024853 0.024522
v 0.024809 -0.024809 0.024588
v 0.024707 -0.024707 0.024707
v 0.024588 -0.024588 0.024809
v 0.024454 -0.024454 0.024891
v 0.024309 -0.024309 0.024951
v 0.024156 -0.024156 0.024988
v -0.020657 0.013544 -0.024800
v -0.020621 0.013967 -0.024800
v -0.020514 0.014377 -0.024800
v -0.020339 0.014763 -0.024800
v -0.020102 0.015115 -0.024800
v -0.019809 0.015421 -0.024800
v -0.019468 0.015673 -0.024800
v -0.019089 0.015864 -0.024800
v -0.018684 0.015988 -0.024800
v -0.018263 0.016042 -0.024800
v -0.017839 0.016024 -0.024800
v -0.017425 0.015935 -0.024800
v -0.017031 0.015776 -0.024800
v -0.016670 0.015554 -0.024800
v -0.016352 0.015274 -0.024800
v -0.016086 0.014944 -0.024800
v -0.015879 0.014574 -0.024800
v -0.015738 0.014174 -0.024800
v -0.015666 0.013756 -0.024800
v -0.015666 0.013332 -0.024800
v -0.015738 0.012914 -0.024800
v -0.015879 0.012514 -0.024800
v -0.016086 0.012144 -0.024800
v -0.016352 0.011814 -0.024800
v -0.016670 0.011534 -0.024800
v -0.017031 0.011312 -0.024800
v -0.017425 0.011154 -0.024800
v -0.017839 0.011064 -0.024800
v -0.018263 0.011046 -0.024800
v -0.018684 0.011100 -0.024800
v -0.019089 0.011224 -0.024800
v -0.019468 0.011415 -0.024800
v -0.019809 0.011667 -0.024800
v -0.020102 0.011974 -0.024800
v -0.020339 0.012325 -0.024800
v -0.020514 0.012711 -0.024800
v -0.020621 0.013122 -0.024800
v -0.018157 0.013544 -0.024800
v 0.017050 -0.018962 -0.024800
v 0.017086 -0.018539 -0.024800
v 0.017193 -0.018129 -0.024800
v 0.017367 -0.017743 -0.024800
v 0.017605 -0.017391 -0.024800
v 0.017898 -0.017085 -0.024800
v 0.018239 -0.016833 -0.024800
v 0.018618 -0.016642 -0.024800
v 0.019023 -0.016518 -0.024800
v 0.019444 -0.016464 -0.024800
v 0.019868 -0.016482 -0.024800
v 0.020282 -0.016571 -0.024800
v 0.020676 -0.016729 -0.024800
v 0.021037 -0.016952 -0.024800
v 0.021355 -0.017232 -0.024800
v 0.021621 -0.017562 -0.024800
v 0.021828 -0.017932 -0.024800
v 0.021969 -0.018332 -0.024800
v 0.022041 -0.018750 -0.024800
v 0.022041 -0.019174 -0.024800
v 0.021969 -0.019592 -0.024800
v 0.021828 -0.019992 -0.024800
v 0.021621 -0.020362 -0.024800
v 0.021355 -0.020692 -0.024800
v 0.021037 -0.020972 -0.024800
v 0.020676 -0.021194 -0.024800
v 0.020282 -0.021352 -0.024800
v 0.019868 -0.021442 -0.024800
v 0.019444 -0.021460 -0.024800
v 0.019023 -0.021406 -0.024800
v 0.018618 -0.021282 -0.024800
v 0.018239 -0.021091 -0.024800
v 0.017898 -0.020838 -0.024800
v 0.017605 -0.020532 -0.024800
v 0.017367 -0.020181 -0.024800
v 0.017193 -0.019795 -0.024800
v 0.017086 -0.019384 -0.024800
v 0.019550 -0.018962 -0.024800
v -0.024800 0.019519 0.021739
v -0.024800 0.019942 0.021703
v -0.024800 0.020352 0.021596
v -0.024800 0.020738 0.021421
v -0.024800 0.021090 0.021184
v -0.024800 0.021396 0.020891
v -0.024800 0.021648 0.020550
v -0.024800 0.021839 0.020171
v -0.024800 0.021963 0.019766
v -0.024800 0.022017 0.019345
v -0.024800 0.021999 0.018921
v -0.024800 0.021909 0.018507
v -0.024800 0.021751 0.018113
v -0.024800 0.021529 0.017752
v -0.024800 0.021249 0.017434
v -0.024800 0.020919 0.017168
v -0.024800 0.020549 0.016961
v -0.024800 0.020149 0.016820
v -0.024800 0.019731 0.016748
v -0.024800 0.019307 0.016748
v -0.024800 0.018889 0.016820
v -0.024800 0.018489 0.016961
v -0.024800 0.018119 0.017168
v -0.024800 0.017789 0.017434
v -0.024800 0.017509 0.017752
v -0.024800 0.017287 0.018113
v -0.024800 0.017129 0.018507
v -0.024800 0.017039 0.018921
v -0.024800 0.017021 0.019345
v -0.024800 0.017075 0.019766
v -0.024800 0.017199 0.020171
v -0.024800 0.017390 0.020550
v -0.024800 0.017642 0.020891
v -0.024800 0.017948 0.021184
v -0.024800 0.018300 0.021421
v -0.024800 0.018686 0.021596
v -0.024800 0.019097 0.021703
v -0.024800 0.019519 0.019239
v -0.024800 -0.019705 -0.017547
v -0.024800 -0.019282 -0.017583
v -0.024800 -0.018872 -0.017690
v -0.024800 -0.018486 -0.017864
v -0.024800 -0.018134 -0.018102
v -0.024800 -0.017828 -0.018395
v -0.024800 -0.017576 -0.018736
v -0.024800 -0.017385 -0.019115
v -0.024800 -0.017261 -0.019520
v -0.024800 -0.017207 -0.019941
v -0.024800 -0.017225 -0.020364
v -0.024800 -0.017314 -0.020779
v -0.024800 -0.017472 -0.021172
v -0.024800 -0.017695 -0.021533
v -0.024800 -0.017975 -0.021852
v -0.024800 -0.018305 -0.022118
v -0.024800 -0.018675 -0.022325
v -0.024800 -0.019075 -0.022466
v -0.024800 -0.019493 -0.022538
v -0.024800 -0.019917 -0.022538
v -0.024800 -0.020335 -0.022466
v -0.024800 -0.020735 -0.022325
v -0.024800 -0.021105 -0.022118
v -0.024800 -0.021435 -0.021852
v -0.024800 -0.021715 -0.021533
v -0.024800 -0.021937 -0.021172
v -0.024800 -0.022095 -0.020779
v -0.024800 -0.022185 -0.020364
v -0.024800 -0.022203 -0.019941
v -0.024800 -0.022149 -0.019520
v -0.024800 -0.022025 -0.019115
v -0.024800 -0.021834 -0.018736
v -0.024800 -0.021581 -0.018395
v -0.024800 -0.021275 -0.018102
v -0.024800 -0.020924 -0.017864
v -0.024800 -0.020538 -0.017690
v -0.024800 -0.020127 -0.017583
v -0.024800 -0.019705 -0.020047
v 0.024800 0.021988 -0.019017
v 0.024800 0.021952 -0.018594
v 0.024800 0.021845 -0.018184
v 0.024800 0.021671 -0.017798
v 0.024800 0.021433 -0.017446
v 0.024800 0.021140 -0.017140
v 0.024800 0.020799 -0.016888
v 0.024800 0.020420 -0.016697
v 0.024800 0.020015 -0.016573
v 0.024800 0.019594 -0.016519
v 0.024800 0.019171 -0.016537
v 0.024800 0.018756 -0.016626
v 0.024800 0.018363 -0.016785
v 0.024800 0.018002 -0.017007
v 0.024800 0.017683 -0.017287
v 0.024800 0.017417 -0.017617
v 0.024800 0.017210 -0.017987
v 0.024800 0.017069 -0.018387
v 0.024800 0.016997 -0.018805
v 0.024800 0.016997 -0.019229
v 0.024800 0.017069 -0.019647
v 0.024800 0.017210 -0.020047
v 0.024800 0.017417 -0.020417
v 0.024800 0.017683 -0.020747
v 0.024800 0.018002 -0.021027
v 0.024800 0.018363 -0.021249
v 0.024800 0.018756 -0.021407
v 0.024800 0.019171 -0.021497
v 0.024800 0.019594 -0.021515
v 0.024800 0.020015 -0.021461
v 0.024800 0.020420 -0.021337
v 0.024800 0.020799 -0.021146
v 0.024800 0.021140 -0.020894
v 0.024800 0.021433 -0.020587
v 0.024800 0.021671 -0.020236
v 0.024800 0.021845 -0.019850
v 0.024800 0.021952 -0.019439
v 0.024800 0.019488 -0.019017
v 0.022143 0.019643 0.024800
v 0.022107 0.020065 0.024800
v 0.022000 0.020476 0.024800
v 0.021825 0.020862 0.024800
v 0.021588 0.021213 0.024800
v 0.021295 0.021520 0.024800
v 0.020954 0.021772 0.024800
v 0.020575 0.021963 0.024800
v 0.020170 0.022087 0.024800
v 0.019749 0.022141 0.024800
v 0.019325 0.022123 0.024800
v 0.018911 0.022033 0.024800
v 0.018517 0.021875 0.024800
v 0.018156 0.021653 0.024800
v 0.017838 0.021373 0.024800
v 0.017572 0.021043 0.024800
v 0.017365 0.020673 0.024800
v 0.017224 0.020273 0.024800
v 0.017152 0.019855 0.024800
v 0.017152 0.019431 0.024800
v 0.017224 0.019013 0.024800
v 0.017365 0.018613 0.024800
v 0.017572 0.018243 0.024800
v 0.017838 0.017913 0.024800
v 0.018156 0.017633 0.024800
v 0.018517 0.017411 0.024800
v 0.018911 0.017252 0.024800
v 0.019325 0.017163 0.024800
v 0.019749 0.017145 0.024800
v 0.020170 0.017199 0.024800
v 0.020575 0.017323 0.024800
v 0.020954 0.017514 0.024800
v 0.021295 0.017766 0.024800
v 0.021588 0.018072 0.024800
v 0.021825 0.018424 0.024800
v 0.022000 0.018810 0.024800
v 0.022107 0.019220 0.024800
v 0.019643 0.019643 0.024800
v -0.017038 0.024800 0.019256
v -0.016616 0.024800 0.019220
v -0.016205 0.024800 0.019113
v -0.015819 0.024800 0.018938
v -0.015468 0.024800 0.018701
v -0.015162 0.024800 0.018408
v -0.014909 0.024800 0.018067
v -0.014718 0.024800 0.017688
v -0.014594 0.024800 0.017283
v -0.014540 0.024800 0.016862
v -0.014558 0.024800 0.016438
v -0.014648 0.024800 0.016024
v -0.014806 0.024800 0.015630
v -0.015028 0.024800 0.015269
v -0.015308 0.024800 0.014951
v -0.015638 0.024800 0.014685
v -0.016008 0.024800 0.014478
v -0.016408 0.024800 0.014337
v -0.016826 0.024800 0.014265
v -0.017250 0.024800 0.014265
v -0.017668 0.024800 0.014337
v -0.018068 0.024800 0.014478
v -0.018438 0.024800 0.014685
v -0.018768 0.024800 0.014951
v -0.019048 0.024800 0.015269
v -0.019271 0.024800 0.015630
v -0.019429 0.024800 0.016024
v -0.019518 0.024800 0.016438
v -0.019536 0.024800 0.016862
v -0.019482 0.024800 0.017283
v -0.019358 0.024800 0.017688
v -0.019167 0.024800 0.018067
v -0.018915 0.024800 0.018408
v -0.018609 0.024800 0.018701
v -0.018257 0.024800 0.018938
v -0.017871 0.024800 0.019113
v -0.017461 0.024800 0.019220
v -0.017038 0.024800 0.016756
v 0.017869 0.024800 -0.015422
v 0.018292 0.024800 -0.015458
v 0.018702 0.024800 -0.015565
v 0.019089 0.024800 -0.015740
v 0.019440 0.024800 -0.015977
v 0.019746 0.024800 -0.016270
v 0.019998 0.024800 -0.016611
v 0.020189 0.024800 -0.016990
v 0.020313 0.024800 -0.017395
v 0.020367 0.024800 -0.017816
v 0.020349 0.024800 -0.018240
v 0.020260 0.024800 -0.018654
v 0.020102 0.024800 -0.019048
v 0.019879 0.024800 -0.019409
v 0.019599 0.024800 -0.019727
v 0.019269 0.024800 -0.019993
v 0.018899 0.024800 -0.020200
v 0.018499 0.024800 -0.020341
v 0.018082 0.024800 -0.020413
v 0.017657 0.024800 -0.020413
v 0.017240 0.024800 -0.020341
v 0.016840 0.024800 -0.020200
v 0.016470 0.024800 -0.019993
v 0.016140 0.024800 -0.019727
v 0.015859 0.024800 -0.019409
v 0.015637 0.024800 -0.019048
v 0.015479 0.024800 -0.018654
v 0.015390 0.024800 -0.018240
v 0.015372 0.024800 -0.017816
v 0.015426 0.024800 -0.017395
v 0.015550 0.024800 -0.016990
v 0.015741 0.024800 -0.016611
v 0.015993 0.024800 -0.016270
v 0.016299 0.024800 -0.015977
v 0.016650 0.024800 -0.015740
v 0.017037 0.024800 -0.015565
v 0.017447 0.024800 -0.015458
v 0.017869 0.024800 -0.017922
vn 1.0000 -0.0000 -0.0000
vn -0.0000 1.0000 -0.0000
vn 0.0001 1.0000 -0.0000
vn -0.0001 1.0000 -0.0000
vn -1.0000 -0.0000 -0.0000
vn -0.0000 -1.0000 -0.0000
vn -0.0000 -0.0000 1.0000
vn -0.0000 -0.0000 -1.0000
vn -0.0782 0.9939 -0.0782
vn -0.1996 0.1224 -0.9722
vn -0.0785 0.0063 -0.9969
vn -0.0671 0.0411 -0.9969
vn -0.0599 0.0512 -0.9969
vn -0.1780 0.1521 -0.9722
vn -0.2918 0.2492 -0.9235
vn -0.0511 0.0598 -0.9969
vn -0.2163 0.0896 -0.9722
vn -0.2277 0.0547 -0.9722
vn -0.2276 0.0547 -0.9722
vn -0.2334 0.0183 -0.9722
vn -0.2334 0.0184 -0.9722
vn -0.1521 0.1780 -0.9722
vn -0.2492 0.2918 -0.9235
vn -0.2492 0.2917 -0.9235
vn -0.3401 0.3982 -0.8519
vn -0.0411 0.0671 -0.9969
vn -0.3271 0.2005 -0.9235
vn -0.3545 0.1468 -0.9235
vn -0.3731 0.0896 -0.9235
vn -0.3731 0.0895 -0.9235
vn -0.3825 0.0301 -0.9235
vn -0.1224 0.1996 -0.9722
vn -0.1223 0.1997 -0.9722
vn -0.2005 0.3271 -0.9235
vn -0.2005 0.3272 -0.9235
vn -0.2736 0.4465 -0.8519
vn -0.3399 0.5547 -0.7594
vn -0.0301 0.0727 -0.9969
vn -0.3982 0.3401 -0.8519
vn -0.4465 0.2736 -0.8519
vn -0.4838 0.2004 -0.8519
vn -0.5092 0.1222 -0.8519
vn -0.5221 0.0411 -0.8519
vn -0.0896 0.2163 -0.9722
vn -0.1468 0.3545 -0.9235
vn -0.2004 0.4838 -0.8519
vn -0.2490 0.6011 -0.7594
vn -0.2490 0.6010 -0.7594
vn -0.2914 0.7034 -0.6483
vn -0.0184 0.0766 -0.9969
vn -0.4225 0.4947 -0.7594
vn -0.4947 0.4225 -0.7594
vn -0.5548 0.3399 -0.7594
vn -0.5547 0.3399 -0.7594
vn -0.6011 0.2490 -0.7594
vn -0.6326 0.1519 -0.7594
vn -0.6327 0.1519 -0.7594
vn -0.6486 0.0510 -0.7594
vn -0.6486 0.0511 -0.7594
vn -0.0547 0.2277 -0.9722
vn -0.0546 0.2276 -0.9722
vn -0.0896 0.3731 -0.9235
vn -0.1223 0.5092 -0.8519
vn -0.1222 0.5092 -0.8519
vn -0.1519 0.6326 -0.7594
vn -0.1777 0.7404 -0.6483
vn -0.1992 0.8298 -0.5213
vn -0.0062 0.0784 -0.9969
vn -0.3978 0.6492 -0.6483
vn -0.4945 0.5790 -0.6483
vn -0.5790 0.4945 -0.6483
vn -0.6492 0.3978 -0.6483
vn -0.7034 0.2914 -0.6483
vn -0.7404 0.1777 -0.6483
vn -0.7590 0.0597 -0.6483
vn -0.7590 0.0598 -0.6483
vn -0.0184 0.2334 -0.9722
vn -0.0301 0.3825 -0.9235
vn -0.0411 0.5221 -0.8519
vn -0.0511 0.6486 -0.7594
vn -0.0510 0.6486 -0.7594
vn -0.0598 0.7590 -0.6483
vn -0.0597 0.7590 -0.6483
vn -0.0670 0.8507 -0.5213
vn -0.0725 0.9214 -0.3817
vn -0.3265 0.7884 -0.5213
vn -0.4459 0.7276 -0.5213
vn -0.5542 0.6489 -0.5213
vn -0.6489 0.5542 -0.5213
vn -0.7276 0.4459 -0.5213
vn -0.7884 0.3266 -0.5213
vn -0.8298 0.1992 -0.5213
vn -0.8507 0.0670 -0.5213
vn -0.8507 0.0669 -0.5213
vn -0.2158 0.8988 -0.3817
vn -0.3537 0.8539 -0.3817
vn -0.4829 0.7881 -0.3817
vn -0.6003 0.7028 -0.3817
vn -0.7028 0.6003 -0.3817
vn -0.7881 0.4830 -0.3817
vn -0.7881 0.4829 -0.3817
vn -0.8539 0.3537 -0.3817
vn -0.8988 0.2158 -0.3817
vn -0.9214 0.0725 -0.3817
vn -0.0763 0.9695 -0.2328
vn -0.2270 0.9457 -0.2328
vn -0.3722 0.8985 -0.2328
vn -0.5081 0.8292 -0.2328
vn -0.6316 0.7395 -0.2328
vn -0.7395 0.6316 -0.2328
vn -0.7395 0.6316 -0.2327
vn -0.8292 0.5081 -0.2327
vn -0.8292 0.5081 -0.2328
vn -0.8985 0.3722 -0.2328
vn -0.9457 0.2270 -0.2328
vn -0.9695 0.0763 -0.2328
vn -0.2327 0.9694 -0.0782
vn -0.3815 0.9211 -0.0782
vn -0.3815 0.9210 -0.0782
vn -0.5209 0.8500 -0.0782
vn -0.6475 0.7581 -0.0782
vn -0.7581 0.6475 -0.0782
vn -0.7581 0.6474 -0.0782
vn -0.8500 0.5209 -0.0782
vn -0.9211 0.3815 -0.0782
vn -0.9210 0.3815 -0.0782
vn -0.9694 0.2327 -0.0782
vn -0.9939 0.0782 -0.0782
vn -0.0765 0.0182 -0.9969
vn -0.0725 0.9215 -0.3817
vn -0.3266 0.7884 -0.5213
vn -0.2917 0.2492 -0.9235
vn -0.3272 0.2005 -0.9234
vn -0.1996 0.1223 -0.9722
vn -0.0727 0.0301 -0.9969
vn -0.0000 0.0785 -0.9969
vn -0.0000 0.2334 -0.9724
vn -0.0000 0.3827 -0.9239
vn -0.0000 0.5225 -0.8527
vn -0.0000 0.5225 -0.8526
vn -0.0000 0.6495 -0.7604
vn -0.0000 0.6494 -0.7604
vn -0.0000 0.7604 -0.6494
vn -0.0000 0.8526 -0.5225
vn -0.0000 0.9239 -0.3827
vn -0.0000 0.9724 -0.2334
vn -0.0000 0.9969 -0.0784
vn 0.0785 -0.0000 -0.9969
vn 0.2334 -0.0000 -0.9724
vn 0.3827 -0.0000 -0.9239
vn 0.5225 -0.0000 -0.8526
vn 0.6494 -0.0000 -0.7604
vn 0.6495 -0.0000 -0.7604
vn 0.7604 -0.0000 -0.6494
vn 0.7604 -0.0000 -0.6495
vn 0.8315 -0.0000 -0.5555
vn 0.8526 0.0001 -0.5225
vn 0.8725 -0.0000 -0.4886
vn 0.9081 -0.0000 -0.4187
vn 0.9239 0.0001 -0.3827
vn 0.9382 -0.0000 -0.3462
vn 0.9625 -0.0000 -0.2714
vn 0.9724 0.0001 -0.2334
vn 0.9808 -0.0000 -0.1951
vn 0.9931 -0.0000 -0.1175
vn 0.9969 0.0001 -0.0784
vn 0.9992 -0.0000 -0.0393
vn -0.0000 -0.9992 -0.0393
vn -0.0001 -0.9969 -0.0785
vn -0.0000 -0.9931 -0.1175
vn -0.0000 -0.9808 -0.1951
vn -0.0001 -0.9724 -0.2334
vn -0.0000 -0.9624 -0.2715
vn -0.0000 -0.9382 -0.3461
vn -0.0001 -0.9239 -0.3827
vn -0.0000 -0.9081 -0.4187
vn -0.0000 -0.8725 -0.4886
vn -0.0001 -0.8526 -0.5225
vn -0.0000 -0.8315 -0.5555
vn -0.0000 -0.7604 -0.6494
vn -0.0000 -0.7604 -0.6495
vn -0.0000 -0.6494 -0.7604
vn -0.0000 -0.6495 -0.7604
vn -0.0000 -0.5225 -0.8526
vn -0.0000 -0.5225 -0.8527
vn -0.0000 -0.3827 -0.9239
vn -0.0000 -0.2335 -0.9724
vn -0.0000 -0.2334 -0.9724
vn -0.0000 -0.0785 -0.9969
vn -0.0785 -0.0000 -0.9969
vn -0.2334 -0.0000 -0.9724
vn -0.3827 -0.0000 -0.9239
vn -0.5225 -0.0000 -0.8526
vn -0.6495 -0.0000 -0.7604
vn -0.7604 -0.0000 -0.6495
vn -0.7604 -0.0000 -0.6494
vn -0.8526 -0.0000 -0.5225
vn -0.8527 -0.0000 -0.5225
vn -0.9239 -0.0000 -0.3827
vn -0.9724 -0.0000 -0.2335
vn -0.9724 -0.0000 -0.2334
vn -0.9969 -0.0000 -0.0785
vn -0.0785 0.9969 -0.0000
vn -0.0784 0.9969 -0.0000
vn -0.2334 0.9724 -0.0000
vn -0.3827 0.9239 -0.0000
vn -0.5225 0.8526 -0.0000
vn -0.6494 0.7604 -0.0000
vn -0.6495 0.7604 -0.0000
vn -0.7604 0.6495 -0.0000
vn -0.8526 0.5225 -0.0000
vn -0.8527 0.5225 -0.0000
vn -0.9239 0.3827 -0.0000
vn -0.9724 0.2335 -0.0000
vn -0.9724 0.2334 -0.0000
vn -0.9969 0.0785 -0.0000
vn 0.9939 0.0782 -0.0782
vn 0.1223 0.1997 -0.9722
vn 0.0062 0.0785 -0.9969
vn 0.0411 0.0671 -0.9969
vn 0.0511 0.0598 -0.9969
vn 0.1520 0.1781 -0.9722
vn 0.1521 0.1780 -0.9722
vn 0.2492 0.2918 -0.9235
vn 0.0599 0.0512 -0.9969
vn 0.0896 0.2163 -0.9722
vn 0.0547 0.2277 -0.9722
vn 0.0183 0.2334 -0.9722
vn 0.0184 0.2334 -0.9722
vn 0.1780 0.1520 -0.9722
vn 0.1780 0.1521 -0.9722
vn 0.2917 0.2492 -0.9235
vn 0.2918 0.2492 -0.9235
vn 0.3982 0.3401 -0.8519
vn 0.0671 0.0411 -0.9969
vn 0.2005 0.3272 -0.9235
vn 0.1468 0.3545 -0.9235
vn 0.0896 0.3731 -0.9235
vn 0.0301 0.3825 -0.9235
vn 0.1996 0.1224 -0.9722
vn 0.1996 0.1223 -0.9722
vn 0.3271 0.2005 -0.9235
vn 0.3272 0.2005 -0.9235
vn 0.4465 0.2736 -0.8519
vn 0.5548 0.3399 -0.7594
vn 0.0727 0.0301 -0.9969
vn 0.3401 0.3982 -0.8519
vn 0.2737 0.4465 -0.8519
vn 0.2736 0.4465 -0.8519
vn 0.2004 0.4838 -0.8519
vn 0.1223 0.5092 -0.8519
vn 0.1222 0.5092 -0.8519
vn 0.0411 0.5221 -0.8519
vn 0.2163 0.0898 -0.9722
vn 0.2163 0.0895 -0.9722
vn 0.3545 0.1468 -0.9235
vn 0.4838 0.2004 -0.8519
vn 0.6011 0.2490 -0.7594
vn 0.7034 0.2914 -0.6483
vn 0.0765 0.0185 -0.9969
vn 0.4947 0.4225 -0.7594
vn 0.4225 0.4947 -0.7594
vn 0.3399 0.5548 -0.7594
vn 0.3399 0.5547 -0.7594
vn 0.2490 0.6011 -0.7594
vn 0.1519 0.6327 -0.7594
vn 0.1519 0.6326 -0.7594
vn 0.0511 0.6486 -0.7594
vn 0.0510 0.6486 -0.7594
vn 0.2276 0.0547 -0.9722
vn 0.2277 0.0547 -0.9722
vn 0.3731 0.0896 -0.9235
vn 0.5092 0.1223 -0.8519
vn 0.5092 0.1222 -0.8519
vn 0.6326 0.1519 -0.7594
vn 0.7404 0.1777 -0.6483
vn 0.8298 0.1992 -0.5213
vn 0.0785 0.0059 -0.9969
vn 0.6492 0.3978 -0.6483
vn 0.5790 0.4945 -0.6483
vn 0.4945 0.5790 -0.6483
vn 0.3978 0.6492 -0.6483
vn 0.2914 0.7034 -0.6483
vn 0.1778 0.7404 -0.6483
vn 0.1777 0.7404 -0.6483
vn 0.0598 0.7591 -0.6483
vn 0.2334 0.0185 -0.9722
vn 0.2334 0.0183 -0.9722
vn 0.3825 0.0301 -0.9235
vn 0.5221 0.0411 -0.8519
vn 0.6486 0.0511 -0.7594
vn 0.6486 0.0510 -0.7594
vn 0.7590 0.0597 -0.6483
vn 0.7590 0.0598 -0.6483
vn 0.8507 0.0670 -0.5213
vn 0.9214 0.0725 -0.3817
vn 0.7884 0.3265 -0.5213
vn 0.7276 0.4459 -0.5213
vn 0.6489 0.5542 -0.5213
vn 0.5542 0.6489 -0.5213
vn 0.4459 0.7276 -0.5213
vn 0.3266 0.7884 -0.5213
vn 0.3265 0.7884 -0.5213
vn 0.1992 0.8298 -0.5213
vn 0.0670 0.8507 -0.5213
vn 0.8988 0.2158 -0.3817
vn 0.8539 0.3537 -0.3817
vn 0.7881 0.4830 -0.3816
vn 0.7881 0.4829 -0.3817
vn 0.7028 0.6003 -0.3817
vn 0.6003 0.7028 -0.3817
vn 0.4829 0.7881 -0.3817
vn 0.3537 0.8539 -0.3817
vn 0.2158 0.8988 -0.3817
vn 0.0725 0.9214 -0.3817
vn 0.9695 0.0763 -0.2328
vn 0.9457 0.2270 -0.2328
vn 0.8985 0.3722 -0.2328
vn 0.8292 0.5081 -0.2328
vn 0.7395 0.6316 -0.2328
vn 0.6316 0.7395 -0.2328
vn 0.5081 0.8292 -0.2327
vn 0.5082 0.8292 -0.2328
vn 0.3722 0.8985 -0.2328
vn 0.2270 0.9457 -0.2328
vn 0.0763 0.9695 -0.2328
vn 0.9694 0.2327 -0.0782
vn 0.9211 0.3815 -0.0782
vn 0.9210 0.3815 -0.0782
vn 0.8500 0.5209 -0.0782
vn 0.7581 0.6474 -0.0782
vn 0.7581 0.6475 -0.0782
vn 0.6475 0.7581 -0.0782
vn 0.5209 0.8500 -0.0782
vn 0.3815 0.9211 -0.0782
vn 0.3815 0.9210 -0.0782
vn 0.2327 0.9694 -0.0782
vn 0.0782 0.9939 -0.0782
vn 0.0184 0.0765 -0.9969
vn 0.9215 0.0725 -0.3817
vn 0.7884 0.3266 -0.5213
vn 0.5547 0.3399 -0.7594
vn 0.4947 0.4226 -0.7594
vn 0.2492 0.2917 -0.9235
vn 0.1223 0.1996 -0.9722
vn 0.0301 0.0727 -0.9969
vn -0.9939 -0.0782 -0.0782
vn -0.1224 -0.1997 -0.9722
vn -0.0062 -0.0785 -0.9969
vn -0.0411 -0.0670 -0.9969
vn -0.0511 -0.0599 -0.9969
vn -0.1520 -0.1780 -0.9722
vn -0.1521 -0.1780 -0.9722
vn -0.2492 -0.2918 -0.9235
vn -0.0598 -0.0512 -0.9969
vn -0.0896 -0.2163 -0.9722
vn -0.0547 -0.2276 -0.9722
vn -0.0547 -0.2277 -0.9722
vn -0.0184 -0.2333 -0.9722
vn -0.0183 -0.2334 -0.9722
vn -0.1780 -0.1520 -0.9722
vn -0.1780 -0.1521 -0.9722
vn -0.2918 -0.2492 -0.9235
vn -0.3982 -0.3401 -0.8519
vn -0.0671 -0.0411 -0.9969
vn -0.2005 -0.3272 -0.9235
vn -0.1468 -0.3545 -0.9235
vn -0.0896 -0.3731 -0.9235
vn -0.0301 -0.3826 -0.9234
vn -0.0301 -0.3825 -0.9235
vn -0.1996 -0.1223 -0.9722
vn -0.3271 -0.2005 -0.9235
vn -0.3272 -0.2005 -0.9235
vn -0.4465 -0.2736 -0.8519
vn -0.5547 -0.3399 -0.7594
vn -0.0727 -0.0302 -0.9969
vn -0.3401 -0.3982 -0.8519
vn -0.2736 -0.4465 -0.8519
vn -0.2004 -0.4838 -0.8519
vn -0.1223 -0.5092 -0.8519
vn -0.1222 -0.5092 -0.8519
vn -0.0411 -0.5221 -0.8519
vn -0.2163 -0.0895 -0.9722
vn -0.3545 -0.1468 -0.9235
vn -0.4838 -0.2004 -0.8519
vn -0.6011 -0.2490 -0.7594
vn -0.7034 -0.2914 -0.6483
vn -0.0765 -0.0185 -0.9969
vn -0.4947 -0.4225 -0.7594
vn -0.4225 -0.4947 -0.7594
vn -0.3400 -0.5547 -0.7594
vn -0.3399 -0.5547 -0.7594
vn -0.2490 -0.6011 -0.7594
vn -0.1519 -0.6326 -0.7594
vn -0.1519 -0.6327 -0.7594
vn -0.0511 -0.6486 -0.7594
vn -0.0510 -0.6486 -0.7594
vn -0.2276 -0.0547 -0.9722
vn -0.2276 -0.0546 -0.9722
vn -0.3731 -0.0896 -0.9235
vn -0.5092 -0.1222 -0.8519
vn -0.6327 -0.1519 -0.7594
vn -0.6326 -0.1519 -0.7594
vn -0.7404 -0.1777 -0.6483
vn -0.7404 -0.1778 -0.6483
vn -0.8298 -0.1992 -0.5213
vn -0.0785 -0.0062 -0.9969
vn -0.6492 -0.3978 -0.6483
vn -0.5790 -0.4945 -0.6483
vn -0.4945 -0.5790 -0.6483
vn -0.3978 -0.6492 -0.6483
vn -0.2914 -0.7034 -0.6483
vn -0.1777 -0.7403 -0.6483
vn -0.1777 -0.7404 -0.6483
vn -0.0597 -0.7590 -0.6483
vn -0.0598 -0.7591 -0.6483
vn -0.2334 -0.0182 -0.9722
vn -0.2334 -0.0183 -0.9722
vn -0.3825 -0.0301 -0.9235
vn -0.5221 -0.0411 -0.8519
vn -0.6486 -0.0511 -0.7594
vn -0.6486 -0.0510 -0.7594
vn -0.7590 -0.0598 -0.6483
vn -0.7590 -0.0597 -0.6483
vn -0.8507 -0.0670 -0.5213
vn -0.8507 -0.0669 -0.5213
vn -0.9214 -0.0725 -0.3817
vn -0.7884 -0.3266 -0.5213
vn -0.7276 -0.4459 -0.5213
vn -0.6489 -0.5542 -0.5213
vn -0.5542 -0.6489 -0.5213
vn -0.4459 -0.7276 -0.5213
vn -0.3266 -0.7884 -0.5213
vn -0.1992 -0.8298 -0.5213
vn -0.0669 -0.8507 -0.5213
vn -0.0670 -0.8507 -0.5213
vn -0.8988 -0.2158 -0.3817
vn -0.8539 -0.3537 -0.3817
vn -0.7881 -0.4830 -0.3817
vn -0.7881 -0.4829 -0.3817
vn -0.7028 -0.6003 -0.3817
vn -0.6003 -0.7028 -0.3817
vn -0.4829 -0.7881 -0.3817
vn -0.4830 -0.7881 -0.3817
vn -0.3537 -0.8539 -0.3817
vn -0.2158 -0.8988 -0.3817
vn -0.0725 -0.9215 -0.3817
vn -0.0725 -0.9214 -0.3817
vn -0.9695 -0.0763 -0.2328
vn -0.9457 -0.2270 -0.2328
vn -0.8985 -0.3722 -0.2328
vn -0.8292 -0.5081 -0.2327
vn -0.8292 -0.5082 -0.2328
vn -0.7395 -0.6316 -0.2328
vn -0.7395 -0.6316 -0.2327
vn -0.6316 -0.7395 -0.2328
vn -0.5081 -0.8292 -0.2327
vn -0.5081 -0.8292 -0.2328
vn -0.3722 -0.8985 -0.2328
vn -0.2270 -0.9457 -0.2328
vn -0.2271 -0.9457 -0.2328
vn -0.0763 -0.9695 -0.2328
vn -0.9694 -0.2327 -0.0782
vn -0.9210 -0.3815 -0.0782
vn -0.9211 -0.3815 -0.0782
vn -0.8500 -0.5209 -0.0782
vn -0.7581 -0.6475 -0.0782
vn -0.7581 -0.6475 -0.0783
vn -0.6474 -0.7581 -0.0782
vn -0.6475 -0.7580 -0.0782
vn -0.5209 -0.8500 -0.0782
vn -0.3815 -0.9211 -0.0782
vn -0.2327 -0.9694 -0.0782
vn -0.2328 -0.9694 -0.0782
vn -0.0782 -0.9939 -0.0782
vn -0.0184 -0.0765 -0.9969
vn -0.9215 -0.0725 -0.3817
vn -0.8987 -0.2158 -0.3817
vn -0.2005 -0.3271 -0.9235
vn -0.1223 -0.1996 -0.9722
vn -0.0301 -0.0728 -0.9969
vn -0.0782 0.0782 0.9939
vn -0.1996 0.9722 0.1223
vn -0.0785 0.9969 0.0062
vn -0.0672 0.9969 0.0411
vn -0.0599 0.9969 0.0511
vn -0.1781 0.9722 0.1521
vn -0.1780 0.9722 0.1520
vn -0.2917 0.9235 0.2492
vn -0.0510 0.9969 0.0598
vn -0.2163 0.9722 0.0896
vn -0.2277 0.9722 0.0546
vn -0.2276 0.9722 0.0547
vn -0.2334 0.9722 0.0184
vn -0.1519 0.9722 0.1780
vn -0.1521 0.9722 0.1780
vn -0.2492 0.9235 0.2918
vn -0.3401 0.8519 0.3982
vn -0.0411 0.9969 0.0671
vn -0.3272 0.9235 0.2005
vn -0.3545 0.9234 0.1469
vn -0.3545 0.9235 0.1468
vn -0.3731 0.9235 0.0896
vn -0.3825 0.9235 0.0301
vn -0.1224 0.9722 0.1996
vn -0.1223 0.9722 0.1996
vn -0.2005 0.9235 0.3271
vn -0.2005 0.9235 0.3272
vn -0.2737 0.8519 0.4465
vn -0.2736 0.8519 0.4465
vn -0.3399 0.7594 0.5547
vn -0.0301 0.9969 0.0727
vn -0.3982 0.8519 0.3401
vn -0.4465 0.8519 0.2737
vn -0.4465 0.8519 0.2736
vn -0.4838 0.8519 0.2004
vn -0.5092 0.8519 0.1223
vn -0.5092 0.8519 0.1222
vn -0.5221 0.8519 0.0411
vn -0.0898 0.9722 0.2163
vn -0.0896 0.9722 0.2163
vn -0.1469 0.9234 0.3545
vn -0.1468 0.9235 0.3545
vn -0.2004 0.8519 0.4838
vn -0.2490 0.7594 0.6011
vn -0.2914 0.6483 0.7034
vn -0.0182 0.9969 0.0765
vn -0.4226 0.7594 0.4947
vn -0.4947 0.7594 0.4226
vn -0.4947 0.7594 0.4225
vn -0.5547 0.7594 0.3399
vn -0.6011 0.7594 0.2490
vn -0.6326 0.7594 0.1519
vn -0.6486 0.7594 0.0510
vn -0.0547 0.9722 0.2277
vn -0.0546 0.9722 0.2277
vn -0.0895 0.9235 0.3731
vn -0.0896 0.9235 0.3731
vn -0.1223 0.8519 0.5092
vn -0.1222 0.8519 0.5092
vn -0.1519 0.7594 0.6326
vn -0.1777 0.6483 0.7404
vn -0.1992 0.5213 0.8298
vn -0.0062 0.9969 0.0784
vn -0.3978 0.6483 0.6492
vn -0.4945 0.6483 0.5790
vn -0.5790 0.6483 0.4945
vn -0.6492 0.6483 0.3979
vn -0.6492 0.6483 0.3978
vn -0.7034 0.6483 0.2914
vn -0.7035 0.6483 0.2913
vn -0.7404 0.6483 0.1778
vn -0.7404 0.6483 0.1777
vn -0.7590 0.6483 0.0598
vn -0.0185 0.9722 0.2334
vn -0.0183 0.9722 0.2334
vn -0.0301 0.9235 0.3825
vn -0.0411 0.8519 0.5221
vn -0.0511 0.7594 0.6486
vn -0.0510 0.7594 0.6486
vn -0.0598 0.6483 0.7590
vn -0.0598 0.6483 0.7591
vn -0.0670 0.5213 0.8507
vn -0.0669 0.5213 0.8507
vn -0.0725 0.3817 0.9214
vn -0.3265 0.5213 0.7884
vn -0.4459 0.5213 0.7276
vn -0.5542 0.5213 0.6489
vn -0.6489 0.5213 0.5542
vn -0.7276 0.5213 0.4459
vn -0.7884 0.5213 0.3265
vn -0.7884 0.5213 0.3266
vn -0.8298 0.5213 0.1992
vn -0.8507 0.5213 0.0670
vn -0.8507 0.5213 0.0669
vn -0.2158 0.3817 0.8988
vn -0.3537 0.3817 0.8539
vn -0.4829 0.3817 0.7881
vn -0.6003 0.3817 0.7029
vn -0.6003 0.3817 0.7028
vn -0.7028 0.3817 0.6003
vn -0.7881 0.3817 0.4829
vn -0.8540 0.3817 0.3537
vn -0.8539 0.3817 0.3537
vn -0.8988 0.3817 0.2158
vn -0.9214 0.3817 0.0725
vn -0.0763 0.2327 0.9695
vn -0.2271 0.2327 0.9457
vn -0.2270 0.2328 0.9457
vn -0.3722 0.2328 0.8985
vn -0.5081 0.2327 0.8292
vn -0.5082 0.2327 0.8292
vn -0.6316 0.2328 0.7395
vn -0.7395 0.2328 0.6316
vn -0.8292 0.2328 0.5081
vn -0.8292 0.2328 0.5082
vn -0.8985 0.2328 0.3722
vn -0.8985 0.2327 0.3722
vn -0.9457 0.2328 0.2270
vn -0.9695 0.2328 0.0763
vn -0.2327 0.0782 0.9694
vn -0.3815 0.0782 0.9210
vn -0.5209 0.0783 0.8500
vn -0.5209 0.0782 0.8500
vn -0.6475 0.0782 0.7581
vn -0.7581 0.0782 0.6474
vn -0.7581 0.0782 0.6475
vn -0.8500 0.0783 0.5209
vn -0.8500 0.0782 0.5209
vn -0.9210 0.0782 0.3815
vn -0.9211 0.0782 0.3815
vn -0.9694 0.0782 0.2328
vn -0.9694 0.0782 0.2327
vn -0.9939 0.0782 0.0782
vn -0.0765 0.9969 0.0184
vn -0.0763 0.2328 0.9695
vn -0.2158 0.3817 0.8987
vn -0.3266 0.5213 0.7884
vn -0.3400 0.7594 0.5547
vn -0.4225 0.7594 0.4947
vn -0.3400 0.8519 0.3982
vn -0.2918 0.9235 0.2492
vn -0.3271 0.9235 0.2004
vn -0.1997 0.9722 0.1223
vn -0.2162 0.9722 0.0896
vn -0.0726 0.9969 0.0301
vn -0.0000 0.0785 0.9969
vn -0.0000 0.0784 0.9969
vn -0.0000 0.2334 0.9724
vn -0.0000 0.3827 0.9239
vn -0.0000 0.5225 0.8526
vn -0.0000 0.6494 0.7604
vn -0.0000 0.6495 0.7604
vn -0.0000 0.7604 0.6494
vn -0.0000 0.8526 0.5225
vn -0.0000 0.9239 0.3827
vn -0.0000 0.9724 0.2334
vn -0.0000 0.9969 0.0784
vn 0.9969 0.0784 -0.0000
vn 0.9724 0.2334 -0.0000
vn 0.9239 0.3827 -0.0000
vn 0.8526 0.5225 -0.0000
vn 0.7604 0.6494 -0.0000
vn 0.6495 0.7604 -0.0000
vn 0.6494 0.7604 -0.0000
vn 0.5225 0.8526 -0.0000
vn 0.3827 0.9239 -0.0000
vn 0.2334 0.9724 -0.0000
vn 0.0784 0.9969 -0.0000
vn 0.0785 0.9969 -0.0000
vn -0.9969 -0.0785 -0.0000
vn -0.9724 -0.2334 -0.0000
vn -0.9724 -0.2335 -0.0000
vn -0.9239 -0.3827 -0.0000
vn -0.8526 -0.5225 -0.0000
vn -0.7604 -0.6495 -0.0000
vn -0.6495 -0.7604 -0.0000
vn -0.6494 -0.7604 -0.0000
vn -0.5225 -0.8526 -0.0000
vn -0.5225 -0.8527 -0.0000
vn -0.3827 -0.9239 -0.0000
vn -0.2335 -0.9724 -0.0000
vn -0.2334 -0.9724 -0.0000
vn -0.0785 -0.9969 -0.0000
vn -0.0784 -0.0000 0.9969
vn -0.2334 -0.0000 0.9724
vn -0.3827 -0.0000 0.9239
vn -0.5225 -0.0000 0.8526
vn -0.6494 -0.0000 0.7604
vn -0.7604 -0.0000 0.6495
vn -0.7604 -0.0000 0.6494
vn -0.8526 -0.0000 0.5225
vn -0.8527 -0.0000 0.5225
vn -0.9239 -0.0000 0.3827
vn -0.9724 -0.0000 0.2335
vn -0.9724 -0.0000 0.2334
vn -0.9969 -0.0000 0.0785
vn 0.9939 0.0782 0.0782
vn 0.1224 0.9722 0.1996
vn 0.0062 0.9969 0.0784
vn 0.0411 0.9969 0.0671
vn 0.0510 0.9969 0.0598
vn 0.1520 0.9722 0.1781
vn 0.1520 0.9722 0.1780
vn 0.2492 0.9235 0.2918
vn 0.0599 0.9969 0.0511
vn 0.0897 0.9722 0.2163
vn 0.0547 0.9722 0.2276
vn 0.0546 0.9722 0.2277
vn 0.0183 0.9722 0.2334
vn 0.0184 0.9722 0.2334
vn 0.1781 0.9722 0.1520
vn 0.1780 0.9722 0.1520
vn 0.2918 0.9235 0.2492
vn 0.2917 0.9235 0.2492
vn 0.3982 0.8519 0.3401
vn 0.0672 0.9969 0.0411
vn 0.2005 0.9235 0.3271
vn 0.1469 0.9235 0.3545
vn 0.1468 0.9235 0.3545
vn 0.0895 0.9234 0.3731
vn 0.0896 0.9235 0.3731
vn 0.0301 0.9235 0.3825
vn 0.1996 0.9722 0.1224
vn 0.1996 0.9722 0.1223
vn 0.3272 0.9235 0.2005
vn 0.4465 0.8519 0.2737
vn 0.4465 0.8519 0.2736
vn 0.5547 0.7594 0.3399
vn 0.0726 0.9969 0.0301
vn 0.3401 0.8519 0.3982
vn 0.2736 0.8519 0.4465
vn 0.2004 0.8519 0.4838
vn 0.1223 0.8519 0.5092
vn 0.0410 0.8519 0.5221
vn 0.0411 0.8519 0.5220
vn 0.2163 0.9722 0.0896
vn 0.3545 0.9235 0.1468
vn 0.4838 0.8519 0.2003
vn 0.4838 0.8519 0.2004
vn 0.6011 0.7594 0.2490
vn 0.7034 0.6483 0.2914
vn 0.0765 0.9969 0.0184
vn 0.4947 0.7594 0.4225
vn 0.4226 0.7594 0.4947
vn 0.4225 0.7594 0.4948
vn 0.3399 0.7594 0.5547
vn 0.3400 0.7594 0.5547
vn 0.2490 0.7594 0.6011
vn 0.1519 0.7594 0.6326
vn 0.0511 0.7594 0.6486
vn 0.0510 0.7594 0.6486
vn 0.2277 0.9722 0.0547
vn 0.2276 0.9722 0.0547
vn 0.3731 0.9234 0.0896
vn 0.3731 0.9235 0.0896
vn 0.5092 0.8519 0.1223
vn 0.5092 0.8519 0.1222
vn 0.6326 0.7594 0.1519
vn 0.7404 0.6483 0.1777
vn 0.8298 0.5213 0.1992
vn 0.0785 0.9969 0.0062
vn 0.6492 0.6483 0.3978
vn 0.5790 0.6483 0.4945
vn 0.4945 0.6483 0.5790
vn 0.3978 0.6483 0.6492
vn 0.2914 0.6483 0.7035
vn 0.2914 0.6483 0.7034
vn 0.1777 0.6483 0.7404
vn 0.0597 0.6483 0.7591
vn 0.0598 0.6483 0.7590
vn 0.2334 0.9722 0.0183
vn 0.2334 0.9722 0.0184
vn 0.3825 0.9235 0.0301
vn 0.5220 0.8519 0.0411
vn 0.5221 0.8519 0.0411
vn 0.6486 0.7594 0.0511
vn 0.6486 0.7594 0.0510
vn 0.7591 0.6483 0.0598
vn 0.8507 0.5213 0.0670
vn 0.9214 0.3817 0.0725
vn 0.7884 0.5213 0.3265
vn 0.7276 0.5213 0.4459
vn 0.6489 0.5213 0.5542
vn 0.5542 0.5213 0.6489
vn 0.4459 0.5213 0.7276
vn 0.3266 0.5213 0.7884
vn 0.3265 0.5213 0.7884
vn 0.1992 0.5213 0.8298
vn 0.0670 0.5213 0.8507
vn 0.8988 0.3817 0.2158
vn 0.8539 0.3817 0.3537
vn 0.7881 0.3816 0.4830
vn 0.7881 0.3817 0.4829
vn 0.7028 0.3817 0.6003
vn 0.7029 0.3817 0.6003
vn 0.6003 0.3817 0.7029
vn 0.6003 0.3817 0.7028
vn 0.4830 0.3817 0.7881
vn 0.4829 0.3817 0.7881
vn 0.3537 0.3817 0.8540
vn 0.3537 0.3817 0.8539
vn 0.2158 0.3817 0.8988
vn 0.2158 0.3817 0.8987
vn 0.0725 0.3817 0.9214
vn 0.9695 0.2328 0.0763
vn 0.9457 0.2328 0.2270
vn 0.8985 0.2327 0.3722
vn 0.8985 0.2328 0.3722
vn 0.8292 0.2328 0.5081
vn 0.8292 0.2327 0.5082
vn 0.7395 0.2327 0.6316
vn 0.7395 0.2328 0.6316
vn 0.6316 0.2328 0.7395
vn 0.6316 0.2327 0.7395
vn 0.5081 0.2327 0.8292
vn 0.5082 0.2328 0.8292
vn 0.3722 0.2328 0.8985
vn 0.2271 0.2328 0.9456
vn 0.2270 0.2327 0.9457
vn 0.0763 0.2327 0.9695
vn 0.0763 0.2328 0.9695
vn 0.9694 0.0782 0.2327
vn 0.9211 0.0782 0.3815
vn 0.9210 0.0782 0.3815
vn 0.8500 0.0782 0.5209
vn 0.7581 0.0782 0.6474
vn 0.7581 0.0782 0.6475
vn 0.6474 0.0782 0.7581
vn 0.6475 0.0783 0.7581
vn 0.5209 0.0782 0.8500
vn 0.3815 0.0782 0.9210
vn 0.2327 0.0782 0.9694
vn 0.0782 0.0782 0.9939
vn 0.0182 0.9969 0.0765
vn 0.7884 0.5213 0.3266
vn 0.4947 0.7594 0.4226
vn 0.2492 0.9234 0.2918
vn 0.2005 0.9235 0.3272
vn 0.1223 0.9722 0.1996
vn 0.0896 0.9722 0.2163
vn 0.0301 0.9969 0.0727
vn -0.0782 -0.0782 0.9939
vn -0.9722 -0.1996 0.1223
vn -0.9969 -0.0785 0.0061
vn -0.9969 -0.0671 0.0411
vn -0.9969 -0.0598 0.0511
vn -0.9722 -0.1781 0.1520
vn -0.9722 -0.1780 0.1521
vn -0.9235 -0.2918 0.2492
vn -0.9969 -0.0511 0.0598
vn -0.9722 -0.2163 0.0896
vn -0.9722 -0.2277 0.0547
vn -0.9722 -0.2334 0.0185
vn -0.9722 -0.2334 0.0183
vn -0.9722 -0.1520 0.1780
vn -0.9722 -0.1521 0.1780
vn -0.9235 -0.2492 0.2918
vn -0.8519 -0.3401 0.3982
vn -0.9969 -0.0411 0.0671
vn -0.9235 -0.3271 0.2005
vn -0.9235 -0.3545 0.1468
vn -0.9235 -0.3731 0.0896
vn -0.9235 -0.3731 0.0895
vn -0.9235 -0.3825 0.0301
vn -0.9722 -0.1224 0.1996
vn -0.9722 -0.1223 0.1997
vn -0.9235 -0.2005 0.3271
vn -0.9235 -0.2005 0.3272
vn -0.8519 -0.2736 0.4465
vn -0.7594 -0.3399 0.5547
vn -0.9969 -0.0301 0.0727
vn -0.8519 -0.3982 0.3401
vn -0.8519 -0.4465 0.2736
vn -0.8519 -0.4838 0.2004
vn -0.8519 -0.5092 0.1222
vn -0.8519 -0.5220 0.0411
vn -0.8519 -0.5221 0.0411
vn -0.9722 -0.0896 0.2163
vn -0.9235 -0.1469 0.3545
vn -0.9235 -0.1468 0.3545
vn -0.8519 -0.2004 0.4838
vn -0.7594 -0.2490 0.6011
vn -0.6483 -0.2914 0.7034
vn -0.9969 -0.0184 0.0765
vn -0.7594 -0.4225 0.4947
vn -0.7594 -0.4947 0.4225
vn -0.7594 -0.5547 0.3400
vn -0.7594 -0.6011 0.2490
vn -0.7594 -0.6326 0.1519
vn -0.7594 -0.6486 0.0510
vn -0.9722 -0.0546 0.2277
vn -0.9235 -0.0895 0.3731
vn -0.9235 -0.0896 0.3731
vn -0.8519 -0.1223 0.5092
vn -0.8519 -0.1222 0.5092
vn -0.7594 -0.1519 0.6326
vn -0.6483 -0.1777 0.7404
vn -0.5214 -0.1992 0.8298
vn -0.9969 -0.0062 0.0785
vn -0.6483 -0.3978 0.6492
vn -0.6483 -0.4945 0.5790
vn -0.6483 -0.5790 0.4945
vn -0.6483 -0.6492 0.3978
vn -0.6483 -0.7034 0.2914
vn -0.6483 -0.7404 0.1777
vn -0.6483 -0.7403 0.1777
vn -0.6483 -0.7591 0.0597
vn -0.6483 -0.7590 0.0598
vn -0.9722 -0.0183 0.2334
vn -0.9722 -0.0184 0.2334
vn -0.9235 -0.0301 0.3825
vn -0.8519 -0.0411 0.5220
vn -0.7594 -0.0511 0.6486
vn -0.7594 -0.0510 0.6486
vn -0.6483 -0.0598 0.7591
vn -0.5213 -0.0670 0.8507
vn -0.5213 -0.0669 0.8507
vn -0.3817 -0.0725 0.9214
vn -0.5213 -0.3265 0.7884
vn -0.5213 -0.4459 0.7276
vn -0.5213 -0.5542 0.6489
vn -0.5213 -0.6489 0.5542
vn -0.5213 -0.7276 0.4459
vn -0.5213 -0.7884 0.3266
vn -0.5213 -0.8298 0.1992
vn -0.5213 -0.8507 0.0670
vn -0.5213 -0.8507 0.0669
vn -0.3817 -0.2158 0.8987
vn -0.3817 -0.3537 0.8539
vn -0.3816 -0.4830 0.7881
vn -0.3817 -0.4829 0.7881
vn -0.3817 -0.6003 0.7028
vn -0.3817 -0.7028 0.6003
vn -0.3817 -0.7881 0.4830
vn -0.3817 -0.7881 0.4829
vn -0.3817 -0.8540 0.3537
vn -0.3817 -0.8539 0.3537
vn -0.3817 -0.8988 0.2158
vn -0.3817 -0.9215 0.0725
vn -0.3817 -0.9214 0.0725
vn -0.2327 -0.0763 0.9695
vn -0.2327 -0.2270 0.9457
vn -0.2328 -0.2270 0.9457
vn -0.2328 -0.3722 0.8985
vn -0.2328 -0.5081 0.8292
vn -0.2327 -0.5082 0.8292
vn -0.2328 -0.6316 0.7395
vn -0.2327 -0.6316 0.7395
vn -0.2327 -0.7395 0.6316
vn -0.2328 -0.7395 0.6316
vn -0.2328 -0.8292 0.5081
vn -0.2328 -0.8292 0.5082
vn -0.2328 -0.8985 0.3722
vn -0.2327 -0.8985 0.3722
vn -0.2328 -0.9457 0.2270
vn -0.2328 -0.9695 0.0763
vn -0.0782 -0.2327 0.9694
vn -0.0782 -0.3815 0.9210
vn -0.0782 -0.5209 0.8500
vn -0.0783 -0.6474 0.7581
vn -0.0782 -0.6475 0.7581
vn -0.0782 -0.7581 0.6475
vn -0.0782 -0.7581 0.6474
vn -0.0782 -0.8500 0.5209
vn -0.0782 -0.9211 0.3815
vn -0.0783 -0.9210 0.3815
vn -0.0782 -0.9694 0.2327
vn -0.0782 -0.9939 0.0782
vn -0.9969 -0.0765 0.0185
vn -0.2328 -0.0763 0.9695
vn -0.3817 -0.2158 0.8988
vn -0.5213 -0.1992 0.8298
vn -0.5213 -0.3266 0.7884
vn -0.6483 -0.2914 0.7035
vn -0.7594 -0.4226 0.4947
vn -0.9235 -0.3272 0.2005
vn -0.9969 -0.0727 0.0301
vn 0.9992 -0.0000 0.0393
vn 0.9969 0.0001 0.0784
vn 0.9931 -0.0000 0.1176
vn 0.9808 -0.0000 0.1951
vn 0.9724 0.0001 0.2334
vn 0.9625 -0.0000 0.2714
vn 0.9382 -0.0000 0.3462
vn 0.9239 0.0001 0.3827
vn 0.9081 -0.0000 0.4187
vn 0.8725 -0.0000 0.4886
vn 0.8526 0.0001 0.5225
vn 0.8315 -0.0000 0.5555
vn 0.7604 -0.0000 0.6495
vn 0.7604 -0.0000 0.6494
vn 0.6494 -0.0000 0.7604
vn 0.5225 -0.0000 0.8526
vn 0.3827 -0.0000 0.9239
vn 0.2334 -0.0000 0.9724
vn 0.0784 -0.0000 0.9969
vn -0.0000 -0.0784 0.9969
vn -0.0000 -0.2334 0.9724
vn -0.0000 -0.3827 0.9239
vn -0.0000 -0.5225 0.8526
vn -0.0000 -0.6494 0.7604
vn -0.0000 -0.7604 0.6494
vn -0.0000 -0.7604 0.6495
vn -0.0000 -0.8315 0.5555
vn -0.0001 -0.8527 0.5225
vn -0.0000 -0.8725 0.4886
vn -0.0000 -0.9081 0.4187
vn -0.0001 -0.9239 0.3827
vn -0.0000 -0.9382 0.3461
vn -0.0000 -0.9624 0.2715
vn -0.0001 -0.9724 0.2335
vn -0.0000 -0.9808 0.1951
vn -0.0000 -0.9931 0.1175
vn -0.0001 -0.9969 0.0785
vn -0.0000 -0.9992 0.0393
vn 0.9964 -0.0848 -0.0000
vn 0.9677 -0.2520 -0.0000
vn 0.9112 -0.4119 -0.0000
vn 0.8285 -0.5600 -0.0000
vn 0.7220 -0.6919 -0.0000
vn 0.5946 -0.8040 -0.0000
vn 0.4502 -0.8929 -0.0000
vn 0.2928 -0.9562 -0.0000
vn 0.1270 -0.9919 -0.0000
vn -0.0424 -0.9991 -0.0000
vn -0.2107 -0.9776 -0.0000
vn -0.3729 -0.9279 -0.0000
vn -0.5243 -0.8515 -0.0000
vn -0.6607 -0.7507 -0.0000
vn -0.7780 -0.6282 -0.0000
vn -0.8730 -0.4877 -0.0000
vn -0.9429 -0.3331 -0.0000
vn -0.9856 -0.1690 -0.0000
vn -0.9856 0.1690 -0.0000
vn -0.9429 0.3331 -0.0000
vn -0.8730 0.4877 -0.0000
vn -0.7780 0.6282 -0.0000
vn -0.6607 0.7507 -0.0000
vn -0.5243 0.8515 -0.0000
vn -0.3729 0.9279 -0.0000
vn -0.2107 0.9776 -0.0000
vn -0.0424 0.9991 -0.0000
vn 0.1270 0.9919 -0.0000
vn 0.2928 0.9562 -0.0000
vn 0.4502 0.8929 -0.0000
vn 0.5946 0.8040 -0.0000
vn 0.7220 0.6919 -0.0000
vn 0.8285 0.5600 -0.0000
vn 0.9112 0.4119 -0.0000
vn 0.9677 0.2520 -0.0000
vn 0.9964 0.0848 -0.0000
vn -0.3728 -0.9279 -0.0000
vn -0.0000 -0.0848 -0.9964
vn -0.0000 -0.2520 -0.9677
vn -0.0000 -0.4119 -0.9112
vn -0.0000 -0.5600 -0.8285
vn -0.0000 -0.6919 -0.7220
vn -0.0000 -0.8040 -0.5946
vn -0.0000 -0.8929 -0.4502
vn -0.0000 -0.9562 -0.2928
vn -0.0000 -0.9919 -0.1270
vn -0.0000 -0.9991 0.0424
vn -0.0000 -0.9776 0.2107
vn -0.0000 -0.9279 0.3729
vn -0.0000 -0.8515 0.5243
vn -0.0000 -0.7507 0.6607
vn -0.0000 -0.6282 0.7780
vn -0.0000 -0.4877 0.8730
vn -0.0000 -0.3331 0.9429
vn -0.0000 -0.1690 0.9856
vn -0.0000 0.1690 0.9856
vn -0.0000 0.3331 0.9429
vn -0.0000 0.4877 0.8730
vn -0.0000 0.6282 0.7780
vn -0.0000 0.7507 0.6607
vn -0.0000 0.8515 0.5243
vn -0.0000 0.9279 0.3729
vn -0.0000 0.9776 0.2107
vn -0.0000 0.9991 0.0424
vn -0.0000 0.9919 -0.1270
vn -0.0000 0.9562 -0.2928
vn -0.0000 0.8929 -0.4502
vn -0.0000 0.8040 -0.5946
vn -0.0000 0.6919 -0.7220
vn -0.0000 0.5600 -0.8285
vn -0.0000 0.4119 -0.9112
vn -0.0000 0.2520 -0.9677
vn -0.0000 0.0848 -0.9964
vn -0.0000 -0.9964 -0.0848
vn -0.0000 -0.9677 -0.2520
vn -0.0000 -0.9112 -0.4119
vn -0.0000 -0.8285 -0.5600
vn -0.0000 -0.7220 -0.6919
vn -0.0000 -0.5946 -0.8040
vn -0.0000 -0.4502 -0.8929
vn -0.0000 -0.2928 -0.9562
vn -0.0000 -0.1270 -0.9919
vn -0.0000 0.0424 -0.9991
vn -0.0000 0.2107 -0.9776
vn -0.0000 0.3729 -0.9279
vn -0.0000 0.5243 -0.8515
vn -0.0000 0.6607 -0.7507
vn -0.0000 0.7780 -0.6282
vn -0.0000 0.8730 -0.4877
vn -0.0000 0.9429 -0.3331
vn -0.0000 0.9856 -0.1690
vn -0.0000 0.9856 0.1690
vn -0.0000 0.9429 0.3331
vn -0.0000 0.8730 0.4877
vn -0.0000 0.7780 0.6282
vn -0.0000 0.6607 0.7507
vn -0.0000 0.5243 0.8515
vn -0.0000 0.3729 0.9279
vn -0.0000 0.2107 0.9776
vn -0.0000 0.0424 0.9991
vn -0.0000 -0.1270 0.9919
vn -0.0000 -0.2928 0.9562
vn -0.0000 -0.4502 0.8929
vn -0.0000 -0.5946 0.8040
vn -0.0000 -0.7220 0.6919
vn -0.0000 -0.8285 0.5600
vn -0.0000 -0.9112 0.4119
vn -0.0000 -0.9677 0.2520
vn -0.0000 -0.9964 0.0848
vn -0.9964 -0.0848 -0.0000
vn -0.9677 -0.2520 -0.0000
vn -0.9112 -0.4119 -0.0000
vn -0.8285 -0.5600 -0.0000
vn -0.7220 -0.6919 -0.0000
vn -0.7219 -0.6919 -0.0000
vn -0.5946 -0.8040 -0.0000
vn -0.4502 -0.8929 -0.0000
vn -0.2928 -0.9562 -0.0000
vn -0.1270 -0.9919 -0.0000
vn 0.0424 -0.9991 -0.0000
vn 0.2107 -0.9776 -0.0000
vn 0.3729 -0.9279 -0.0000
vn 0.5243 -0.8515 -0.0000
vn 0.6607 -0.7507 -0.0000
vn 0.7780 -0.6282 -0.0000
vn 0.8730 -0.4877 -0.0000
vn 0.9429 -0.3331 -0.0000
vn 0.9856 -0.1690 -0.0000
vn 0.9856 0.1690 -0.0000
vn 0.9429 0.3331 -0.0000
vn 0.8730 0.4877 -0.0000
vn 0.7780 0.6282 -0.0000
vn 0.6607 0.7507 -0.0000
vn 0.5243 0.8515 -0.0000
vn 0.3729 0.9279 -0.0000
vn 0.2107 0.9776 -0.0000
vn 0.0424 0.9991 -0.0000
vn -0.1270 0.9919 -0.0000
vn -0.2928 0.9562 -0.0000
vn -0.4502 0.8929 -0.0000
vn -0.5946 0.8040 -0.0000
vn -0.7220 0.6919 -0.0000
vn -0.8285 0.5600 -0.0000
vn -0.9112 0.4119 -0.0000
vn -0.9677 0.2520 -0.0000
vn -0.9964 0.0848 -0.0000
vn -0.0848 -0.0000 -0.9964
vn -0.2520 -0.0000 -0.9677
vn -0.4119 -0.0000 -0.9112
vn -0.5600 -0.0000 -0.8285
vn -0.6919 -0.0000 -0.7220
vn -0.8040 -0.0000 -0.5946
vn -0.8929 -0.0000 -0.4502
vn -0.9562 -0.0000 -0.2928
vn -0.9919 -0.0000 -0.1270
vn -0.9991 -0.0000 0.0424
vn -0.9776 -0.0000 0.2107
vn -0.9279 -0.0000 0.3729
vn -0.8515 -0.0000 0.5243
vn -0.7507 -0.0000 0.6607
vn -0.6282 -0.0000 0.7780
vn -0.4877 -0.0000 0.8730
vn -0.3331 -0.0000 0.9429
vn -0.1690 -0.0000 0.9856
vn 0.1690 -0.0000 0.9856
vn 0.3331 -0.0000 0.9429
vn 0.4877 -0.0000 0.8730
vn 0.6282 -0.0000 0.7780
vn 0.7507 -0.0000 0.6607
vn 0.8515 -0.0000 0.5243
vn 0.9279 -0.0000 0.3729
vn 0.9776 -0.0000 0.2107
vn 0.9991 -0.0000 0.0424
vn 0.9919 -0.0000 -0.1270
vn 0.9562 -0.0000 -0.2928
vn 0.8929 -0.0000 -0.4502
vn 0.8040 -0.0000 -0.5946
vn 0.6919 -0.0000 -0.7220
vn 0.5600 -0.0000 -0.8285
vn 0.4119 -0.0000 -0.9112
vn 0.2520 -0.0000 -0.9677
vn 0.0848 -0.0000 -0.9964
vn -0.9991 -0.0000 0.0425
s 0
f 1//1 2//1 3//1
f 4//1 5//1 6//1
f 6//1 5//1 7//1
f 6//1 7//1 8//1
f 6//1 9//1 3//1
f 3//1 9//1 10//1
f 3//1 10//1 11//1
f 11//1 12//1 3//1
f 3//1 12//1 13//1
f 3//1 13//1 14//1
f 8//1 15//1 6//1
f 6//1 15//1 16//1
f 6//1 16//1 17//1
f 14//1 18//1 3//1
f 3//1 18//1 19//1
f 3//1 19//1 1//1
f 20//1 21//1 22//1
f 22//1 21//1 23//1
f 22//1 23//1 24//1
f 24//1 25//1 22//1
f 22//1 25//1 26//1
f 22//1 26//1 27//1
f 28//1 29//1 30//1
f 17//1 31//1 6//1
f 6//1 31//1 32//1
f 6//1 32//1 9//1
f 2//1 33//1 3//1
f 3//1 33//1 34//1
f 3//1 34//1 22//1
f 22//1 34//1 35//1
f 22//1 35//1 20//1
f 29//1 36//1 30//1
f 30//1 36//1 37//1
f 30//1 37//1 6//1
f 6//1 37//1 38//1
f 6//1 38//1 4//1
f 27//1 39//1 22//1
f 22//1 39//1 40//1
f 22//1 40//1 30//1
f 30//1 40//1 41//1
f 30//1 41//1 28//1
f 42//2 43//2 44//2
f 45//2 46//2 47//2
f 43//2 48//2 44//2
f 44//2 48//2 49//2
f 44//2 49//2 50//2
f 50//2 51//2 44//2
f 44//2 51//2 52//2
f 44//2 52//2 53//2
f 54//2 55//2 56//2
f 56//2 55//2 57//2
f 56//2 57//2 58//2
f 59//2 60//2 61//2
f 61//2 60//2 62//2
f 61//2 62//2 63//2
f 53//2 64//2 44//2
f 44//2 64//2 65//2
f 44//2 65//2 66//2
f 66//2 67//2 44//2
f 44//2 67//2 68//2
f 44//2 68//2 56//2
f 56//2 68//2 69//2
f 69//2 70//2 56//2
f 56//2 70//2 71//2
f 56//2 71//2 72//2
f 72//2 73//2 56//2
f 56//2 73//2 74//2
f 56//2 74//2 54//2
f 59//2 61//2 75//2
f 75//2 61//2 76//2
f 75//2 76//2 77//2
f 78//2 79//2 80//2
f 80//2 79//2 81//2
f 80//2 81//2 44//2
f 44//2 81//2 82//2
f 44//2 82//2 42//2
f 63//2 83//2 61//2
f 61//2 83//2 84//2
f 61//2 84//2 85//2
f 86//2 87//2 64//2
f 64//2 87//2 88//2
f 64//3 88//3 65//3
f 58//2 89//2 56//2
f 56//2 89//2 90//2
f 56//2 90//2 47//2
f 47//4 90//4 91//4
f 47//2 91//2 92//2
f 85//2 93//2 61//2
f 61//2 93//2 94//2
f 61//2 94//2 95//2
f 95//2 94//2 96//2
f 95//2 96//2 97//2
f 77//2 45//2 75//2
f 75//2 45//2 47//2
f 75//2 47//2 98//2
f 98//2 47//2 92//2
f 46//2 99//2 47//2
f 47//2 99//2 100//2
f 47//2 100//2 101//2
f 102//2 103//2 64//2
f 64//2 103//2 104//2
f 64//2 104//2 86//2
f 105//2 106//2 80//2
f 80//2 106//2 107//2
f 80//2 107//2 78//2
f 97//2 96//2 64//2
f 64//2 96//2 108//2
f 64//2 108//2 102//2
f 101//2 109//2 47//2
f 47//2 109//2 110//2
f 47//2 110//2 111//2
f 112//2 113//2 80//2
f 80//2 113//2 114//2
f 111//2 115//2 47//2
f 47//2 115//2 116//2
f 47//2 116//2 80//2
f 80//2 116//2 117//2
f 80//2 117//2 112//2
f 114//2 118//2 80//2
f 80//2 118//2 119//2
f 80//2 119//2 105//2
f 120//5 121//5 122//5
f 123//5 124//5 125//5
f 125//5 126//5 123//5
f 123//5 126//5 127//5
f 123//5 127//5 128//5
f 129//5 130//5 123//5
f 131//5 132//5 133//5
f 134//5 135//5 136//5
f 137//5 138//5 131//5
f 131//5 138//5 139//5
f 139//5 140//5 131//5
f 131//5 140//5 141//5
f 131//5 141//5 122//5
f 122//5 141//5 142//5
f 122//5 142//5 120//5
f 143//5 144//5 145//5
f 145//5 144//5 146//5
f 123//5 130//5 136//5
f 136//5 130//5 147//5
f 136//5 147//5 134//5
f 135//5 148//5 136//5
f 136//5 148//5 149//5
f 136//5 149//5 150//5
f 133//5 151//5 131//5
f 131//5 151//5 152//5
f 131//5 152//5 153//5
f 121//5 154//5 122//5
f 122//5 154//5 155//5
f 122//5 155//5 156//5
f 156//5 157//5 122//5
f 122//5 157//5 158//5
f 122//5 158//5 159//5
f 160//5 161//5 123//5
f 123//5 161//5 162//5
f 163//5 123//5 164//5
f 164//5 123//5 165//5
f 163//5 166//5 167//5
f 167//5 166//5 168//5
f 167//5 168//5 169//5
f 163//5 167//5 123//5
f 123//5 167//5 170//5
f 123//5 170//5 124//5
f 146//5 171//5 145//5
f 145//5 171//5 172//5
f 145//5 172//5 173//5
f 128//5 174//5 123//5
f 123//5 174//5 175//5
f 123//5 175//5 129//5
f 173//5 176//5 145//5
f 145//5 176//5 137//5
f 145//5 137//5 177//5
f 177//5 137//5 131//5
f 177//5 131//5 178//5
f 178//5 131//5 153//5
f 162//5 179//5 123//5
f 123//5 179//5 180//5
f 123//5 180//5 165//5
f 150//5 181//5 136//5
f 136//5 181//5 182//5
f 136//5 182//5 183//5
f 184//5 185//5 131//5
f 131//5 185//5 186//5
f 131//5 186//5 132//5
f 159//5 187//5 122//5
f 122//5 187//5 188//5
f 122//5 188//5 123//5
f 123//5 188//5 189//5
f 123//5 189//5 160//5
f 169//5 168//5 190//5
f 190//5 168//5 191//5
f 190//5 191//5 192//5
f 192//5 191//5 193//5
f 192//5 193//5 145//5
f 145//5 193//5 194//5
f 145//5 194//5 143//5
f 183//5 195//5 136//5
f 136//5 195//5 196//5
f 136//5 196//5 131//5
f 131//5 196//5 197//5
f 131//5 197//5 184//5
f 198//6 199//6 30//6
f 30//6 199//6 22//6
f 200//7 201//7 202//7
f 202//7 201//7 203//7
f 202//7 203//7 204//7
f 205//7 206//7 207//7
f 207//7 206//7 208//7
f 207//7 208//7 209//7
f 204//7 210//7 202//7
f 202//7 210//7 211//7
f 202//7 211//7 207//7
f 207//7 211//7 212//7
f 207//7 212//7 205//7
f 209//7 213//7 207//7
f 207//7 213//7 214//7
f 207//7 214//7 215//7
f 216//7 217//7 218//7
f 219//7 220//7 202//7
f 202//7 220//7 221//7
f 218//7 222//7 216//7
f 216//7 222//7 223//7
f 216//7 223//7 224//7
f 224//7 223//7 225//7
f 224//7 225//7 226//7
f 226//7 227//7 224//7
f 224//7 227//7 228//7
f 224//7 228//7 229//7
f 221//7 230//7 202//7
f 202//7 230//7 231//7
f 202//7 231//7 200//7
f 215//7 232//7 207//7
f 207//7 232//7 233//7
f 207//7 233//7 216//7
f 216//7 233//7 234//7
f 216//7 234//7 217//7
f 229//7 235//7 224//7
f 224//7 235//7 236//7
f 224//7 236//7 237//7
f 237//7 238//7 224//7
f 224//7 238//7 239//7
f 224//7 239//7 202//7
f 202//7 239//7 240//7
f 202//7 240//7 219//7
f 241//8 242//8 243//8
f 244//8 245//8 243//8
f 246//8 247//8 248//8
f 248//8 247//8 249//8
f 248//8 249//8 250//8
f 250//8 251//8 248//8
f 248//8 251//8 252//8
f 248//8 252//8 253//8
f 242//8 254//8 243//8
f 243//8 254//8 255//8
f 243//8 255//8 248//8
f 248//8 255//8 256//8
f 248//8 256//8 257//8
f 257//8 258//8 248//8
f 248//8 258//8 259//8
f 248//8 259//8 260//8
f 261//8 262//8 243//8
f 243//8 262//8 263//8
f 243//8 263//8 241//8
f 264//8 265//8 266//8
f 266//8 267//8 264//8
f 264//8 267//8 268//8
f 264//8 268//8 269//8
f 243//8 270//8 271//8
f 272//8 273//8 274//8
f 245//8 275//8 243//8
f 243//8 275//8 276//8
f 243//8 276//8 277//8
f 277//8 278//8 243//8
f 243//8 278//8 279//8
f 243//8 279//8 261//8
f 280//8 281//8 264//8
f 264//8 281//8 282//8
f 264//8 282//8 265//8
f 271//8 283//8 243//8
f 243//8 283//8 284//8
f 243//8 284//8 274//8
f 260//8 285//8 248//8
f 248//8 285//8 286//8
f 248//8 286//8 287//8
f 288//8 289//8 274//8
f 246//8 290//8 291//8
f 291//8 290//8 292//8
f 274//8 273//8 243//8
f 243//8 273//8 293//8
f 243//8 293//8 244//8
f 253//8 294//8 248//8
f 248//8 294//8 295//8
f 248//8 295//8 264//8
f 264//8 295//8 296//8
f 264//8 296//8 280//8
f 297//8 270//8 298//8
f 298//8 270//8 264//8
f 298//8 264//8 299//8
f 299//8 264//8 269//8
f 297//8 300//8 270//8
f 270//8 300//8 301//8
f 270//8 301//8 302//8
f 287//8 303//8 248//8
f 248//8 303//8 304//8
f 248//8 304//8 246//8
f 246//8 304//8 305//8
f 246//8 305//8 290//8
f 302//8 306//8 270//8
f 270//8 306//8 307//8
f 270//8 307//8 308//8
f 308//8 309//8 270//8
f 270//8 309//8 310//8
f 270//8 310//8 271//8
f 289//8 311//8 274//8
f 274//8 311//8 312//8
f 274//8 312//8 313//8
f 313//8 314//8 274//8
f 274//8 314//8 315//8
f 274//8 315//8 272//8
f 288//8 274//8 316//8
f 316//8 274//8 317//8
f 316//8 317//8 290//8
f 290//8 317//8 318//8
f 290//8 318//8 292//8
f 47//9 319//9 320//9
f 321//10 322//10 323//10
f 243//11 324//11 325//11
f 323//12 322//12 243//12
f 326//13 243//13 322//13
f 326//14 322//14 327//14
f 327//14 322//14 321//14
f 327//15 321//15 328//15
f 329//16 243//16 326//16
f 330//17 331//17 332//17
f 332//18 331//18 325//18
f 332//19 325//19 333//19
f 333//20 325//20 324//20
f 333//21 324//21 334//21
f 329//22 326//22 335//22
f 335//22 326//22 327//22
f 335//23 327//23 336//23
f 336//24 327//24 328//24
f 336//25 328//25 337//25
f 338//26 243//26 329//26
f 339//27 330//27 340//27
f 340//28 330//28 332//28
f 340//28 332//28 341//28
f 341//29 332//29 333//29
f 341//30 333//30 342//30
f 342//31 333//31 334//31
f 342//31 334//31 343//31
f 338//32 329//32 344//32
f 344//33 329//33 335//33
f 344//34 335//34 345//34
f 345//35 335//35 336//35
f 345//36 336//36 346//36
f 346//36 336//36 337//36
f 346//37 337//37 347//37
f 348//38 243//38 338//38
f 349//39 339//39 350//39
f 350//40 339//40 340//40
f 350//40 340//40 351//40
f 351//41 340//41 341//41
f 351//41 341//41 352//41
f 352//42 341//42 342//42
f 352//42 342//42 353//42
f 353//43 342//43 343//43
f 353//43 343//43 354//43
f 348//44 338//44 355//44
f 355//44 338//44 344//44
f 355//45 344//45 356//45
f 356//45 344//45 345//45
f 356//46 345//46 357//46
f 357//46 345//46 346//46
f 357//47 346//47 358//47
f 358//48 346//48 347//48
f 358//49 347//49 359//49
f 360//50 243//50 348//50
f 361//51 349//51 362//51
f 362//52 349//52 350//52
f 362//52 350//52 363//52
f 363//53 350//53 351//53
f 363//54 351//54 364//54
f 364//55 351//55 352//55
f 364//55 352//55 365//55
f 365//56 352//56 353//56
f 365//57 353//57 366//57
f 366//58 353//58 354//58
f 366//59 354//59 367//59
f 360//60 348//60 368//60
f 368//61 348//61 355//61
f 368//62 355//62 369//62
f 369//62 355//62 356//62
f 369//63 356//63 370//63
f 370//64 356//64 357//64
f 370//65 357//65 371//65
f 371//65 357//65 358//65
f 371//66 358//66 372//66
f 372//66 358//66 359//66
f 372//67 359//67 373//67
f 374//68 243//68 360//68
f 375//69 361//69 376//69
f 376//70 361//70 362//70
f 376//70 362//70 377//70
f 377//71 362//71 363//71
f 377//71 363//71 378//71
f 378//72 363//72 364//72
f 378//72 364//72 379//72
f 379//73 364//73 365//73
f 379//73 365//73 380//73
f 380//74 365//74 366//74
f 380//74 366//74 381//74
f 381//75 366//75 367//75
f 381//76 367//76 382//76
f 374//77 360//77 383//77
f 383//77 360//77 368//77
f 383//78 368//78 384//78
f 384//78 368//78 369//78
f 384//79 369//79 385//79
f 385//79 369//79 370//79
f 385//80 370//80 386//80
f 386//81 370//81 371//81
f 386//82 371//82 387//82
f 387//83 371//83 372//83
f 387//84 372//84 388//84
f 388//84 372//84 373//84
f 388//85 373//85 389//85
f 390//86 375//86 391//86
f 391//87 375//87 376//87
f 391//87 376//87 392//87
f 392//88 376//88 377//88
f 392//88 377//88 393//88
f 393//89 377//89 378//89
f 393//89 378//89 394//89
f 394//90 378//90 379//90
f 394//90 379//90 395//90
f 395//91 379//91 380//91
f 395//91 380//91 396//91
f 396//92 380//92 381//92
f 396//92 381//92 397//92
f 397//93 381//93 382//93
f 397//94 382//94 398//94
f 399//95 390//95 400//95
f 400//96 390//96 391//96
f 400//96 391//96 401//96
f 401//97 391//97 392//97
f 401//97 392//97 402//97
f 402//98 392//98 393//98
f 402//98 393//98 403//98
f 403//99 393//99 394//99
f 403//99 394//99 404//99
f 404//100 394//100 395//100
f 404//101 395//101 405//101
f 405//102 395//102 396//102
f 405//102 396//102 406//102
f 406//103 396//103 397//103
f 406//103 397//103 407//103
f 407//104 397//104 398//104
f 407//104 398//104 408//104
f 319//105 399//105 320//105
f 320//106 399//106 400//106
f 320//106 400//106 409//106
f 409//107 400//107 401//107
f 409//107 401//107 410//107
f 410//108 401//108 402//108
f 410//108 402//108 411//108
f 411//109 402//109 403//109
f 411//109 403//109 412//109
f 412//110 403//110 404//110
f 412//111 404//111 413//111
f 413//112 404//112 405//112
f 413//113 405//113 414//113
f 414//114 405//114 406//114
f 414//114 406//114 415//114
f 415//115 406//115 407//115
f 415//115 407//115 416//115
f 416//116 407//116 408//116
f 416//116 408//116 417//116
f 47//9 320//9 418//9
f 418//117 320//117 409//117
f 418//117 409//117 419//117
f 419//118 409//118 410//118
f 419//119 410//119 420//119
f 420//120 410//120 411//120
f 420//120 411//120 421//120
f 421//121 411//121 412//121
f 421//121 412//121 422//121
f 422//122 412//122 413//122
f 422//123 413//123 423//123
f 423//124 413//124 414//124
f 423//124 414//124 424//124
f 424//125 414//125 415//125
f 424//126 415//126 425//126
f 425//127 415//127 416//127
f 425//127 416//127 426//127
f 426//128 416//128 417//128
f 426//128 417//128 131//128
f 331//129 243//129 325//129
f 319//105 389//105 399//105
f 399//130 389//130 373//130
f 399//95 373//95 390//95
f 390//67 373//67 359//67
f 390//131 359//131 375//131
f 375//49 359//49 347//49
f 375//69 347//69 361//69
f 361//37 347//37 337//37
f 361//51 337//51 349//51
f 349//25 337//25 328//25
f 349//39 328//39 339//39
f 339//132 328//132 321//132
f 339//133 321//133 330//133
f 330//134 321//134 323//134
f 330//17 323//17 331//17
f 331//135 323//135 243//135
f 427//136 428//136 374//136
f 427//136 374//136 429//136
f 429//137 374//137 383//137
f 429//137 383//137 430//137
f 430//138 383//138 384//138
f 430//138 384//138 431//138
f 431//139 384//139 385//139
f 431//140 385//140 432//140
f 432//141 385//141 386//141
f 432//142 386//142 433//142
f 433//143 386//143 387//143
f 433//143 387//143 434//143
f 434//144 387//144 388//144
f 434//144 388//144 435//144
f 435//145 388//145 389//145
f 435//145 389//145 436//145
f 436//146 389//146 319//146
f 436//146 319//146 437//146
f 437//147 319//147 47//147
f 437//147 47//147 80//147
f 438//148 427//148 439//148
f 438//148 439//148 440//148
f 440//149 439//149 441//149
f 440//149 441//149 442//149
f 442//150 441//150 443//150
f 442//150 443//150 444//150
f 444//151 443//151 445//151
f 444//151 445//151 446//151
f 446//152 445//152 447//152
f 446//153 447//153 448//153
f 448//154 447//154 449//154
f 448//155 449//155 450//155
f 450//156 449//156 451//156
f 451//157 449//157 452//157
f 451//158 452//158 453//158
f 453//159 452//159 454//159
f 454//160 452//160 455//160
f 454//161 455//161 456//161
f 456//162 455//162 457//162
f 457//163 455//163 458//163
f 457//164 458//164 459//164
f 459//165 458//165 460//165
f 460//166 458//166 3//166
f 460//167 3//167 22//167
f 22//168 199//168 460//168
f 460//169 199//169 461//169
f 460//170 461//170 459//170
f 459//171 461//171 457//171
f 457//172 461//172 462//172
f 457//173 462//173 456//173
f 456//174 462//174 454//174
f 454//175 462//175 463//175
f 454//176 463//176 453//176
f 453//177 463//177 451//177
f 451//178 463//178 464//178
f 451//179 464//179 450//179
f 450//180 464//180 465//180
f 450//181 465//181 448//181
f 448//182 465//182 466//182
f 448//183 466//183 446//183
f 446//184 466//184 467//184
f 446//185 467//185 444//185
f 444//186 467//186 468//186
f 444//186 468//186 442//186
f 442//187 468//187 469//187
f 442//188 469//188 440//188
f 440//189 469//189 470//189
f 440//189 470//189 438//189
f 428//190 470//190 471//190
f 428//190 471//190 324//190
f 324//191 471//191 472//191
f 324//191 472//191 334//191
f 334//192 472//192 473//192
f 334//192 473//192 343//192
f 343//193 473//193 474//193
f 343//193 474//193 354//193
f 354//194 474//194 475//194
f 354//194 475//194 367//194
f 367//195 475//195 476//195
f 367//196 476//196 382//196
f 382//197 476//197 477//197
f 382//198 477//198 398//198
f 398//199 477//199 478//199
f 398//199 478//199 408//199
f 408//200 478//200 479//200
f 408//201 479//201 417//201
f 417//202 479//202 136//202
f 417//202 136//202 131//202
f 56//203 47//203 418//203
f 56//204 418//204 480//204
f 480//205 418//205 419//205
f 480//205 419//205 481//205
f 481//206 419//206 420//206
f 481//206 420//206 482//206
f 482//207 420//207 421//207
f 482//207 421//207 483//207
f 483//208 421//208 422//208
f 483//209 422//209 484//209
f 484//210 422//210 423//210
f 484//210 423//210 485//210
f 485//211 423//211 424//211
f 485//212 424//212 486//212
f 486//213 424//213 425//213
f 486//213 425//213 487//213
f 487//214 425//214 426//214
f 487//215 426//215 488//215
f 488//216 426//216 131//216
f 488//216 131//216 122//216
f 3//217 458//217 489//217
f 490//218 491//218 492//218
f 270//219 429//219 493//219
f 492//220 491//220 270//220
f 494//221 270//221 491//221
f 494//222 491//222 495//222
f 495//223 491//223 490//223
f 495//224 490//224 496//224
f 497//225 270//225 494//225
f 498//226 499//226 500//226
f 500//227 499//227 493//227
f 500//227 493//227 501//227
f 501//228 493//228 429//228
f 501//229 429//229 430//229
f 497//230 494//230 502//230
f 502//231 494//231 495//231
f 502//232 495//232 503//232
f 503//233 495//233 496//233
f 503//234 496//234 504//234
f 505//235 270//235 497//235
f 506//236 498//236 507//236
f 507//237 498//237 500//237
f 507//237 500//237 508//237
f 508//238 500//238 501//238
f 508//238 501//238 509//238
f 509//239 501//239 430//239
f 509//239 430//239 431//239
f 505//240 497//240 510//240
f 510//241 497//241 502//241
f 510//242 502//242 511//242
f 511//243 502//243 503//243
f 511//244 503//244 512//244
f 512//244 503//244 504//244
f 512//245 504//245 513//245
f 514//246 270//246 505//246
f 515//247 506//247 516//247
f 516//248 506//248 507//248
f 516//249 507//249 517//249
f 517//250 507//250 508//250
f 517//250 508//250 518//250
f 518//251 508//251 509//251
f 518//252 509//252 519//252
f 519//253 509//253 431//253
f 519//253 431//253 432//253
f 514//254 505//254 520//254
f 520//255 505//255 510//255
f 520//256 510//256 521//256
f 521//256 510//256 511//256
f 521//257 511//257 522//257
f 522//257 511//257 512//257
f 522//258 512//258 523//258
f 523//258 512//258 513//258
f 523//259 513//259 524//259
f 525//260 270//260 514//260
f 526//261 515//261 527//261
f 527//262 515//262 516//262
f 527//262 516//262 528//262
f 528//263 516//263 517//263
f 528//264 517//264 529//264
f 529//265 517//265 518//265
f 529//265 518//265 530//265
f 530//266 518//266 519//266
f 530//267 519//267 531//267
f 531//268 519//268 432//268
f 531//269 432//269 433//269
f 525//270 514//270 532//270
f 532//271 514//271 520//271
f 532//272 520//272 533//272
f 533//272 520//272 521//272
f 533//273 521//273 534//273
f 534//274 521//274 522//274
f 534//275 522//275 535//275
f 535//275 522//275 523//275
f 535//276 523//276 536//276
f 536//276 523//276 524//276
f 536//277 524//277 537//277
f 439//278 270//278 525//278
f 538//279 526//279 539//279
f 539//280 526//280 527//280
f 539//280 527//280 540//280
f 540//281 527//281 528//281
f 540//281 528//281 541//281
f 541//282 528//282 529//282
f 541//282 529//282 542//282
f 542//283 529//283 530//283
f 542//283 530//283 543//283
f 543//284 530//284 531//284
f 543//285 531//285 544//285
f 544//286 531//286 433//286
f 544//286 433//286 434//286
f 439//287 525//287 441//287
f 441//288 525//288 532//288
f 441//289 532//289 443//289
f 443//289 532//289 533//289
f 443//290 533//290 445//290
f 445//290 533//290 534//290
f 445//291 534//291 447//291
f 447//292 534//292 535//292
f 447//293 535//293 449//293
f 449//294 535//294 536//294
f 449//295 536//295 452//295
f 452//295 536//295 537//295
f 452//296 537//296 455//296
f 545//297 538//297 546//297
f 546//298 538//298 539//298
f 546//298 539//298 547//298
f 547//299 539//299 540//299
f 547//299 540//299 548//299
f 548//300 540//300 541//300
f 548//300 541//300 549//300
f 549//301 541//301 542//301
f 549//301 542//301 550//301
f 550//302 542//302 543//302
f 550//303 543//303 551//303
f 551//304 543//304 544//304
f 551//304 544//304 552//304
f 552//305 544//305 434//305
f 552//305 434//305 435//305
f 553//306 545//306 554//306
f 554//307 545//307 546//307
f 554//307 546//307 555//307
f 555//308 546//308 547//308
f 555//309 547//309 556//309
f 556//310 547//310 548//310
f 556//310 548//310 557//310
f 557//311 548//311 549//311
f 557//311 549//311 558//311
f 558//312 549//312 550//312
f 558//312 550//312 559//312
f 559//313 550//313 551//313
f 559//313 551//313 560//313
f 560//314 551//314 552//314
f 560//314 552//314 561//314
f 561//315 552//315 435//315
f 561//315 435//315 436//315
f 458//316 553//316 489//316
f 489//317 553//317 554//317
f 489//317 554//317 562//317
f 562//318 554//318 555//318
f 562//318 555//318 563//318
f 563//319 555//319 556//319
f 563//319 556//319 564//319
f 564//320 556//320 557//320
f 564//320 557//320 565//320
f 565//321 557//321 558//321
f 565//321 558//321 566//321
f 566//322 558//322 559//322
f 566//323 559//323 567//323
f 567//324 559//324 560//324
f 567//324 560//324 568//324
f 568//325 560//325 561//325
f 568//325 561//325 569//325
f 569//326 561//326 436//326
f 569//326 436//326 437//326
f 3//217 489//217 570//217
f 570//327 489//327 562//327
f 570//327 562//327 571//327
f 571//328 562//328 563//328
f 571//329 563//329 572//329
f 572//330 563//330 564//330
f 572//330 564//330 573//330
f 573//331 564//331 565//331
f 573//332 565//332 574//332
f 574//333 565//333 566//333
f 574//333 566//333 575//333
f 575//334 566//334 567//334
f 575//334 567//334 576//334
f 576//335 567//335 568//335
f 576//336 568//336 577//336
f 577//337 568//337 569//337
f 577//337 569//337 578//337
f 578//338 569//338 437//338
f 578//338 437//338 80//338
f 499//339 270//339 493//339
f 458//316 455//316 553//316
f 553//340 455//340 537//340
f 553//306 537//306 545//306
f 545//277 537//277 524//277
f 545//341 524//341 538//341
f 538//259 524//259 513//259
f 538//279 513//279 526//279
f 526//342 513//342 504//342
f 526//343 504//343 515//343
f 515//234 504//234 496//234
f 515//247 496//247 506//247
f 506//344 496//344 490//344
f 506//236 490//236 498//236
f 498//345 490//345 492//345
f 498//226 492//226 499//226
f 499//346 492//346 270//346
f 136//347 479//347 579//347
f 580//348 581//348 582//348
f 248//349 469//349 583//349
f 582//350 581//350 248//350
f 584//351 248//351 581//351
f 584//352 581//352 585//352
f 585//353 581//353 580//353
f 585//354 580//354 586//354
f 587//355 248//355 584//355
f 588//356 589//356 590//356
f 590//357 589//357 583//357
f 590//358 583//358 591//358
f 591//359 583//359 469//359
f 591//360 469//360 468//360
f 587//361 584//361 592//361
f 592//362 584//362 585//362
f 592//363 585//363 593//363
f 593//363 585//363 586//363
f 593//364 586//364 594//364
f 595//365 248//365 587//365
f 596//366 588//366 597//366
f 597//367 588//367 590//367
f 597//367 590//367 598//367
f 598//368 590//368 591//368
f 598//368 591//368 599//368
f 599//369 591//369 468//369
f 599//370 468//370 467//370
f 595//371 587//371 600//371
f 600//371 587//371 592//371
f 600//372 592//372 601//372
f 601//373 592//373 593//373
f 601//374 593//374 602//374
f 602//374 593//374 594//374
f 602//375 594//375 603//375
f 604//376 248//376 595//376
f 605//377 596//377 606//377
f 606//378 596//378 597//378
f 606//378 597//378 607//378
f 607//379 597//379 598//379
f 607//379 598//379 608//379
f 608//380 598//380 599//380
f 608//381 599//381 609//381
f 609//382 599//382 467//382
f 609//382 467//382 466//382
f 604//383 595//383 610//383
f 610//383 595//383 600//383
f 610//384 600//384 611//384
f 611//384 600//384 601//384
f 611//385 601//385 612//385
f 612//385 601//385 602//385
f 612//386 602//386 613//386
f 613//386 602//386 603//386
f 613//387 603//387 614//387
f 615//388 248//388 604//388
f 616//389 605//389 617//389
f 617//390 605//390 606//390
f 617//390 606//390 618//390
f 618//391 606//391 607//391
f 618//392 607//392 619//392
f 619//393 607//393 608//393
f 619//393 608//393 620//393
f 620//394 608//394 609//394
f 620//395 609//395 621//395
f 621//396 609//396 466//396
f 621//397 466//397 465//397
f 615//398 604//398 622//398
f 622//399 604//399 610//399
f 622//400 610//400 623//400
f 623//400 610//400 611//400
f 623//401 611//401 624//401
f 624//401 611//401 612//401
f 624//402 612//402 625//402
f 625//403 612//403 613//403
f 625//404 613//404 626//404
f 626//405 613//405 614//405
f 626//406 614//406 627//406
f 471//407 248//407 615//407
f 628//408 616//408 629//408
f 629//409 616//409 617//409
f 629//409 617//409 630//409
f 630//410 617//410 618//410
f 630//410 618//410 631//410
f 631//411 618//411 619//411
f 631//411 619//411 632//411
f 632//412 619//412 620//412
f 632//412 620//412 633//412
f 633//413 620//413 621//413
f 633//414 621//414 634//414
f 634//415 621//415 465//415
f 634//416 465//416 464//416
f 471//417 615//417 472//417
f 472//418 615//418 622//418
f 472//419 622//419 473//419
f 473//419 622//419 623//419
f 473//420 623//420 474//420
f 474//420 623//420 624//420
f 474//421 624//421 475//421
f 475//422 624//422 625//422
f 475//423 625//423 476//423
f 476//424 625//424 626//424
f 476//425 626//425 477//425
f 477//426 626//426 627//426
f 477//427 627//427 478//427
f 635//428 628//428 636//428
f 636//429 628//429 629//429
f 636//429 629//429 637//429
f 637//430 629//430 630//430
f 637//430 630//430 638//430
f 638//431 630//431 631//431
f 638//431 631//431 639//431
f 639//432 631//432 632//432
f 639//432 632//432 640//432
f 640//433 632//433 633//433
f 640//433 633//433 641//433
f 641//434 633//434 634//434
f 641//434 634//434 642//434
f 642//435 634//435 464//435
f 642//436 464//436 463//436
f 643//437 635//437 644//437
f 644//438 635//438 636//438
f 644//438 636//438 645//438
f 645//439 636//439 637//439
f 645//440 637//440 646//440
f 646//441 637//441 638//441
f 646//441 638//441 647//441
f 647//442 638//442 639//442
f 647//442 639//442 648//442
f 648//443 639//443 640//443
f 648//444 640//444 649//444
f 649//445 640//445 641//445
f 649//445 641//445 650//445
f 650//446 641//446 642//446
f 650//446 642//446 651//446
f 651//447 642//447 463//447
f 651//448 463//448 462//448
f 479//449 643//449 579//449
f 579//450 643//450 644//450
f 579//450 644//450 652//450
f 652//451 644//451 645//451
f 652//451 645//451 653//451
f 653//452 645//452 646//452
f 653//453 646//453 654//453
f 654//454 646//454 647//454
f 654//455 647//455 655//455
f 655//456 647//456 648//456
f 655//456 648//456 656//456
f 656//457 648//457 649//457
f 656//458 649//458 657//458
f 657//459 649//459 650//459
f 657//459 650//459 658//459
f 658//460 650//460 651//460
f 658//461 651//461 659//461
f 659//462 651//462 462//462
f 659//462 462//462 461//462
f 136//347 579//347 660//347
f 660//463 579//463 652//463
f 660//463 652//463 661//463
f 661//464 652//464 653//464
f 661//465 653//465 662//465
f 662//466 653//466 654//466
f 662//466 654//466 663//466
f 663//467 654//467 655//467
f 663//468 655//468 664//468
f 664//469 655//469 656//469
f 664//470 656//470 665//470
f 665//471 656//471 657//471
f 665//471 657//471 666//471
f 666//472 657//472 658//472
f 666//472 658//472 667//472
f 667//473 658//473 659//473
f 667//474 659//474 668//474
f 668//475 659//475 461//475
f 668//475 461//475 199//475
f 589//476 248//476 583//476
f 479//449 478//449 643//449
f 643//477 478//477 627//477
f 643//478 627//478 635//478
f 635//406 627//406 614//406
f 635//428 614//428 628//428
f 628//387 614//387 603//387
f 628//408 603//408 616//408
f 616//375 603//375 594//375
f 616//389 594//389 605//389
f 605//364 594//364 586//364
f 605//377 586//377 596//377
f 596//354 586//354 580//354
f 596//479 580//479 588//479
f 588//480 580//480 582//480
f 588//356 582//356 589//356
f 589//481 582//481 248//481
f 224//482 669//482 670//482
f 671//483 672//483 673//483
f 56//484 480//484 674//484
f 673//485 672//485 56//485
f 675//486 56//486 672//486
f 675//487 672//487 676//487
f 676//488 672//488 671//488
f 676//489 671//489 677//489
f 678//490 56//490 675//490
f 679//491 680//491 681//491
f 681//492 680//492 674//492
f 681//493 674//493 682//493
f 682//494 674//494 480//494
f 682//494 480//494 481//494
f 678//495 675//495 683//495
f 683//496 675//496 676//496
f 683//497 676//497 684//497
f 684//497 676//497 677//497
f 684//498 677//498 685//498
f 686//499 56//499 678//499
f 687//500 679//500 688//500
f 688//501 679//501 681//501
f 688//502 681//502 689//502
f 689//503 681//503 682//503
f 689//503 682//503 690//503
f 690//504 682//504 481//504
f 690//504 481//504 482//504
f 686//505 678//505 691//505
f 691//506 678//506 683//506
f 691//507 683//507 692//507
f 692//508 683//508 684//508
f 692//509 684//509 693//509
f 693//510 684//510 685//510
f 693//511 685//511 694//511
f 695//512 56//512 686//512
f 696//513 687//513 697//513
f 697//514 687//514 688//514
f 697//515 688//515 698//515
f 698//516 688//516 689//516
f 698//516 689//516 699//516
f 699//517 689//517 690//517
f 699//518 690//518 700//518
f 700//519 690//519 482//519
f 700//519 482//519 483//519
f 695//520 686//520 701//520
f 701//521 686//521 691//521
f 701//522 691//522 702//522
f 702//523 691//523 692//523
f 702//524 692//524 703//524
f 703//524 692//524 693//524
f 703//525 693//525 704//525
f 704//525 693//525 694//525
f 704//526 694//526 705//526
f 706//527 56//527 695//527
f 707//528 696//528 708//528
f 708//529 696//529 697//529
f 708//530 697//530 709//530
f 709//531 697//531 698//531
f 709//531 698//531 710//531
f 710//532 698//532 699//532
f 710//532 699//532 711//532
f 711//533 699//533 700//533
f 711//533 700//533 712//533
f 712//534 700//534 483//534
f 712//534 483//534 484//534
f 706//535 695//535 713//535
f 713//536 695//536 701//536
f 713//537 701//537 714//537
f 714//538 701//538 702//538
f 714//539 702//539 715//539
f 715//540 702//540 703//540
f 715//541 703//541 716//541
f 716//541 703//541 704//541
f 716//542 704//542 717//542
f 717//542 704//542 705//542
f 717//543 705//543 718//543
f 719//544 56//544 706//544
f 720//545 707//545 721//545
f 721//546 707//546 708//546
f 721//546 708//546 722//546
f 722//547 708//547 709//547
f 722//547 709//547 723//547
f 723//548 709//548 710//548
f 723//549 710//549 724//549
f 724//550 710//550 711//550
f 724//551 711//551 725//551
f 725//552 711//552 712//552
f 725//553 712//553 726//553
f 726//554 712//554 484//554
f 726//554 484//554 485//554
f 719//555 706//555 727//555
f 727//556 706//556 713//556
f 727//557 713//557 728//557
f 728//557 713//557 714//557
f 728//558 714//558 729//558
f 729//558 714//558 715//558
f 729//559 715//559 730//559
f 730//560 715//560 716//560
f 730//561 716//561 731//561
f 731//562 716//562 717//562
f 731//563 717//563 732//563
f 732//564 717//564 718//564
f 732//565 718//565 733//565
f 734//566 720//566 735//566
f 735//567 720//567 721//567
f 735//567 721//567 736//567
f 736//568 721//568 722//568
f 736//568 722//568 737//568
f 737//569 722//569 723//569
f 737//569 723//569 738//569
f 738//570 723//570 724//570
f 738//570 724//570 739//570
f 739//571 724//571 725//571
f 739//572 725//572 740//572
f 740//573 725//573 726//573
f 740//573 726//573 741//573
f 741//574 726//574 485//574
f 741//575 485//575 486//575
f 742//576 734//576 743//576
f 743//577 734//577 735//577
f 743//577 735//577 744//577
f 744//578 735//578 736//578
f 744//578 736//578 745//578
f 745//579 736//579 737//579
f 745//580 737//580 746//580
f 746//581 737//581 738//581
f 746//581 738//581 747//581
f 747//582 738//582 739//582
f 747//582 739//582 748//582
f 748//583 739//583 740//583
f 748//584 740//584 749//584
f 749//585 740//585 741//585
f 749//585 741//585 750//585
f 750//586 741//586 486//586
f 750//586 486//586 487//586
f 669//587 742//587 670//587
f 670//588 742//588 743//588
f 670//589 743//589 751//589
f 751//590 743//590 744//590
f 751//590 744//590 752//590
f 752//591 744//591 745//591
f 752//592 745//592 753//592
f 753//593 745//593 746//593
f 753//593 746//593 754//593
f 754//594 746//594 747//594
f 754//594 747//594 755//594
f 755//595 747//595 748//595
f 755//596 748//596 756//596
f 756//597 748//597 749//597
f 756//598 749//598 757//598
f 757//599 749//599 750//599
f 757//599 750//599 758//599
f 758//600 750//600 487//600
f 758//600 487//600 488//600
f 224//482 670//482 759//482
f 759//601 670//601 751//601
f 759//601 751//601 760//601
f 760//602 751//602 752//602
f 760//602 752//602 761//602
f 761//603 752//603 753//603
f 761//604 753//604 762//604
f 762//605 753//605 754//605
f 762//605 754//605 763//605
f 763//606 754//606 755//606
f 763//607 755//607 764//607
f 764//608 755//608 756//608
f 764//609 756//609 765//609
f 765//610 756//610 757//610
f 765//611 757//611 766//611
f 766//612 757//612 758//612
f 766//613 758//613 767//613
f 767//614 758//614 488//614
f 767//614 488//614 122//614
f 680//615 56//615 674//615
f 669//616 733//616 742//616
f 742//565 733//565 718//565
f 742//617 718//617 734//617
f 734//543 718//543 705//543
f 734//618 705//618 720//618
f 720//526 705//526 694//526
f 720//545 694//545 707//545
f 707//619 694//619 685//619
f 707//620 685//620 696//620
f 696//621 685//621 677//621
f 696//513 677//513 687//513
f 687//622 677//622 671//622
f 687//623 671//623 679//623
f 679//624 671//624 673//624
f 679//625 673//625 680//625
f 680//626 673//626 56//626
f 224//627 202//627 768//627
f 224//628 768//628 669//628
f 669//629 768//629 769//629
f 669//629 769//629 733//629
f 733//630 769//630 770//630
f 733//630 770//630 732//630
f 732//631 770//631 771//631
f 732//631 771//631 731//631
f 731//632 771//632 772//632
f 731//633 772//633 730//633
f 730//634 772//634 773//634
f 730//634 773//634 729//634
f 729//635 773//635 774//635
f 729//635 774//635 728//635
f 728//636 774//636 775//636
f 728//636 775//636 727//636
f 727//637 775//637 776//637
f 727//637 776//637 719//637
f 719//638 776//638 44//638
f 719//638 44//638 56//638
f 6//639 3//639 570//639
f 6//639 570//639 777//639
f 777//640 570//640 571//640
f 777//640 571//640 778//640
f 778//641 571//641 572//641
f 778//641 572//641 779//641
f 779//642 572//642 573//642
f 779//642 573//642 780//642
f 780//643 573//643 574//643
f 780//643 574//643 781//643
f 781//644 574//644 575//644
f 781//645 575//645 782//645
f 782//646 575//646 576//646
f 782//646 576//646 783//646
f 783//647 576//647 577//647
f 783//647 577//647 784//647
f 784//648 577//648 578//648
f 784//648 578//648 785//648
f 785//649 578//649 80//649
f 785//650 80//650 44//650
f 123//651 136//651 660//651
f 123//651 660//651 786//651
f 786//652 660//652 661//652
f 786//653 661//653 787//653
f 787//654 661//654 662//654
f 787//654 662//654 788//654
f 788//655 662//655 663//655
f 788//655 663//655 789//655
f 789//656 663//656 664//656
f 789//656 664//656 790//656
f 790//657 664//657 665//657
f 790//658 665//658 791//658
f 791//659 665//659 666//659
f 791//660 666//660 792//660
f 792//661 666//661 667//661
f 792//661 667//661 793//661
f 793//662 667//662 668//662
f 793//663 668//663 794//663
f 794//664 668//664 199//664
f 794//664 199//664 198//664
f 216//665 224//665 759//665
f 216//665 759//665 795//665
f 795//666 759//666 760//666
f 795//666 760//666 796//666
f 796//667 760//667 761//667
f 796//667 761//667 797//667
f 797//668 761//668 762//668
f 797//668 762//668 798//668
f 798//669 762//669 763//669
f 798//669 763//669 799//669
f 799//670 763//670 764//670
f 799//671 764//671 800//671
f 800//672 764//672 765//672
f 800//673 765//673 801//673
f 801//674 765//674 766//674
f 801//674 766//674 802//674
f 802//675 766//675 767//675
f 802//676 767//676 803//676
f 803//677 767//677 122//677
f 803//677 122//677 123//677
f 6//678 777//678 804//678
f 805//679 806//679 807//679
f 44//680 776//680 808//680
f 807//681 806//681 44//681
f 809//682 44//682 806//682
f 809//683 806//683 810//683
f 810//684 806//684 805//684
f 810//685 805//685 811//685
f 812//686 44//686 809//686
f 813//687 814//687 815//687
f 815//688 814//688 808//688
f 815//689 808//689 816//689
f 816//690 808//690 776//690
f 816//691 776//691 775//691
f 812//692 809//692 817//692
f 817//693 809//693 810//693
f 817//694 810//694 818//694
f 818//695 810//695 811//695
f 818//696 811//696 819//696
f 820//697 44//697 812//697
f 821//698 813//698 822//698
f 822//699 813//699 815//699
f 822//700 815//700 823//700
f 823//701 815//701 816//701
f 823//702 816//702 824//702
f 824//703 816//703 775//703
f 824//703 775//703 774//703
f 820//704 812//704 825//704
f 825//705 812//705 817//705
f 825//706 817//706 826//706
f 826//706 817//706 818//706
f 826//707 818//707 827//707
f 827//708 818//708 819//708
f 827//709 819//709 828//709
f 829//710 44//710 820//710
f 830//711 821//711 831//711
f 831//712 821//712 822//712
f 831//712 822//712 832//712
f 832//713 822//713 823//713
f 832//713 823//713 833//713
f 833//714 823//714 824//714
f 833//714 824//714 834//714
f 834//715 824//715 774//715
f 834//716 774//716 773//716
f 829//717 820//717 835//717
f 835//717 820//717 825//717
f 835//718 825//718 836//718
f 836//718 825//718 826//718
f 836//719 826//719 837//719
f 837//720 826//720 827//720
f 837//721 827//721 838//721
f 838//721 827//721 828//721
f 838//722 828//722 839//722
f 840//723 44//723 829//723
f 841//724 830//724 842//724
f 842//725 830//725 831//725
f 842//726 831//726 843//726
f 843//727 831//727 832//727
f 843//728 832//728 844//728
f 844//729 832//729 833//729
f 844//729 833//729 845//729
f 845//730 833//730 834//730
f 845//730 834//730 846//730
f 846//731 834//731 773//731
f 846//732 773//732 772//732
f 840//733 829//733 847//733
f 847//734 829//734 835//734
f 847//735 835//735 848//735
f 848//736 835//736 836//736
f 848//737 836//737 849//737
f 849//738 836//738 837//738
f 849//739 837//739 850//739
f 850//739 837//739 838//739
f 850//740 838//740 851//740
f 851//740 838//740 839//740
f 851//741 839//741 852//741
f 785//742 44//742 840//742
f 853//743 841//743 854//743
f 854//744 841//744 842//744
f 854//744 842//744 855//744
f 855//745 842//745 843//745
f 855//745 843//745 856//745
f 856//746 843//746 844//746
f 856//746 844//746 857//746
f 857//747 844//747 845//747
f 857//748 845//748 858//748
f 858//749 845//749 846//749
f 858//749 846//749 859//749
f 859//750 846//750 772//750
f 859//751 772//751 771//751
f 785//752 840//752 784//752
f 784//753 840//753 847//753
f 784//754 847//754 783//754
f 783//754 847//754 848//754
f 783//755 848//755 782//755
f 782//756 848//756 849//756
f 782//757 849//757 781//757
f 781//758 849//758 850//758
f 781//759 850//759 780//759
f 780//759 850//759 851//759
f 780//760 851//760 779//760
f 779//760 851//760 852//760
f 779//761 852//761 778//761
f 860//762 853//762 861//762
f 861//763 853//763 854//763
f 861//763 854//763 862//763
f 862//764 854//764 855//764
f 862//764 855//764 863//764
f 863//765 855//765 856//765
f 863//765 856//765 864//765
f 864//766 856//766 857//766
f 864//766 857//766 865//766
f 865//767 857//767 858//767
f 865//768 858//768 866//768
f 866//769 858//769 859//769
f 866//769 859//769 867//769
f 867//770 859//770 771//770
f 867//770 771//770 770//770
f 868//771 860//771 869//771
f 869//772 860//772 861//772
f 869//772 861//772 870//772
f 870//773 861//773 862//773
f 870//774 862//774 871//774
f 871//775 862//775 863//775
f 871//776 863//776 872//776
f 872//777 863//777 864//777
f 872//778 864//778 873//778
f 873//779 864//779 865//779
f 873//780 865//780 874//780
f 874//781 865//781 866//781
f 874//782 866//782 875//782
f 875//783 866//783 867//783
f 875//784 867//784 876//784
f 876//785 867//785 770//785
f 876//785 770//785 769//785
f 777//786 868//786 804//786
f 804//787 868//787 869//787
f 804//787 869//787 877//787
f 877//788 869//788 870//788
f 877//789 870//789 878//789
f 878//790 870//790 871//790
f 878//791 871//791 879//791
f 879//792 871//792 872//792
f 879//793 872//793 880//793
f 880//794 872//794 873//794
f 880//795 873//795 881//795
f 881//796 873//796 874//796
f 881//797 874//797 882//797
f 882//798 874//798 875//798
f 882//798 875//798 883//798
f 883//799 875//799 876//799
f 883//800 876//800 884//800
f 884//801 876//801 769//801
f 884//802 769//802 768//802
f 6//678 804//678 885//678
f 885//803 804//803 877//803
f 885//803 877//803 886//803
f 886//804 877//804 878//804
f 886//805 878//805 887//805
f 887//806 878//806 879//806
f 887//806 879//806 888//806
f 888//807 879//807 880//807
f 888//808 880//808 889//808
f 889//809 880//809 881//809
f 889//810 881//810 890//810
f 890//811 881//811 882//811
f 890//811 882//811 891//811
f 891//812 882//812 883//812
f 891//812 883//812 892//812
f 892//813 883//813 884//813
f 892//813 884//813 893//813
f 893//814 884//814 768//814
f 893//814 768//814 202//814
f 814//815 44//815 808//815
f 777//786 778//786 868//786
f 868//761 778//761 852//761
f 868//771 852//771 860//771
f 860//741 852//741 839//741
f 860//816 839//816 853//816
f 853//722 839//722 828//722
f 853//743 828//743 841//743
f 841//709 828//709 819//709
f 841//817 819//817 830//817
f 830//696 819//696 811//696
f 830//711 811//711 821//711
f 821//818 811//818 805//818
f 821//819 805//819 813//819
f 813//820 805//820 807//820
f 813//821 807//821 814//821
f 814//822 807//822 44//822
f 216//823 795//823 894//823
f 895//824 896//824 897//824
f 123//825 786//825 898//825
f 897//826 896//826 123//826
f 899//827 123//827 896//827
f 899//828 896//828 900//828
f 900//829 896//829 895//829
f 900//830 895//830 901//830
f 902//831 123//831 899//831
f 903//832 904//832 905//832
f 905//833 904//833 898//833
f 905//833 898//833 906//833
f 906//834 898//834 786//834
f 906//835 786//835 787//835
f 902//836 899//836 907//836
f 907//837 899//837 900//837
f 907//838 900//838 908//838
f 908//838 900//838 901//838
f 908//839 901//839 909//839
f 910//840 123//840 902//840
f 911//841 903//841 912//841
f 912//842 903//842 905//842
f 912//842 905//842 913//842
f 913//843 905//843 906//843
f 913//844 906//844 914//844
f 914//845 906//845 787//845
f 914//845 787//845 788//845
f 910//846 902//846 915//846
f 915//847 902//847 907//847
f 915//848 907//848 916//848
f 916//849 907//849 908//849
f 916//850 908//850 917//850
f 917//850 908//850 909//850
f 917//851 909//851 918//851
f 919//852 123//852 910//852
f 920//853 911//853 921//853
f 921//854 911//854 912//854
f 921//854 912//854 922//854
f 922//855 912//855 913//855
f 922//855 913//855 923//855
f 923//856 913//856 914//856
f 923//856 914//856 924//856
f 924//857 914//857 788//857
f 924//858 788//858 789//858
f 919//859 910//859 925//859
f 925//859 910//859 915//859
f 925//860 915//860 926//860
f 926//861 915//861 916//861
f 926//862 916//862 927//862
f 927//862 916//862 917//862
f 927//863 917//863 928//863
f 928//863 917//863 918//863
f 928//864 918//864 929//864
f 930//865 123//865 919//865
f 931//866 920//866 932//866
f 932//867 920//867 921//867
f 932//867 921//867 933//867
f 933//868 921//868 922//868
f 933//868 922//868 934//868
f 934//869 922//869 923//869
f 934//869 923//869 935//869
f 935//870 923//870 924//870
f 935//870 924//870 936//870
f 936//871 924//871 789//871
f 936//871 789//871 790//871
f 930//872 919//872 937//872
f 937//872 919//872 925//872
f 937//873 925//873 938//873
f 938//874 925//874 926//874
f 938//875 926//875 939//875
f 939//876 926//876 927//876
f 939//877 927//877 940//877
f 940//877 927//877 928//877
f 940//878 928//878 941//878
f 941//878 928//878 929//878
f 941//879 929//879 942//879
f 803//880 123//880 930//880
f 943//881 931//881 944//881
f 944//882 931//882 932//882
f 944//882 932//882 945//882
f 945//883 932//883 933//883
f 945//883 933//883 946//883
f 946//884 933//884 934//884
f 946//884 934//884 947//884
f 947//885 934//885 935//885
f 947//885 935//885 948//885
f 948//886 935//886 936//886
f 948//887 936//887 949//887
f 949//888 936//888 790//888
f 949//889 790//889 791//889
f 803//890 930//890 802//890
f 802//891 930//891 937//891
f 802//892 937//892 801//892
f 801//892 937//892 938//892
f 801//893 938//893 800//893
f 800//893 938//893 939//893
f 800//894 939//894 799//894
f 799//895 939//895 940//895
f 799//896 940//896 798//896
f 798//896 940//896 941//896
f 798//897 941//897 797//897
f 797//898 941//898 942//898
f 797//899 942//899 796//899
f 950//900 943//900 951//900
f 951//901 943//901 944//901
f 951//901 944//901 952//901
f 952//902 944//902 945//902
f 952//902 945//902 953//902
f 953//903 945//903 946//903
f 953//903 946//903 954//903
f 954//904 946//904 947//904
f 954//904 947//904 955//904
f 955//905 947//905 948//905
f 955//905 948//905 956//905
f 956//906 948//906 949//906
f 956//906 949//906 957//906
f 957//907 949//907 791//907
f 957//908 791//908 792//908
f 958//909 950//909 959//909
f 959//910 950//910 951//910
f 959//910 951//910 960//910
f 960//911 951//911 952//911
f 960//912 952//912 961//912
f 961//913 952//913 953//913
f 961//913 953//913 962//913
f 962//914 953//914 954//914
f 962//914 954//914 963//914
f 963//915 954//915 955//915
f 963//916 955//916 964//916
f 964//917 955//917 956//917
f 964//918 956//918 965//918
f 965//919 956//919 957//919
f 965//919 957//919 966//919
f 966//920 957//920 792//920
f 966//921 792//921 793//921
f 795//922 958//922 894//922
f 894//923 958//923 959//923
f 894//924 959//924 967//924
f 967//925 959//925 960//925
f 967//925 960//925 968//925
f 968//926 960//926 961//926
f 968//927 961//927 969//927
f 969//928 961//928 962//928
f 969//929 962//929 970//929
f 970//930 962//930 963//930
f 970//931 963//931 971//931
f 971//932 963//932 964//932
f 971//933 964//933 972//933
f 972//934 964//934 965//934
f 972//935 965//935 973//935
f 973//936 965//936 966//936
f 973//936 966//936 974//936
f 974//937 966//937 793//937
f 974//937 793//937 794//937
f 216//823 894//823 975//823
f 975//938 894//938 967//938
f 975//938 967//938 976//938
f 976//939 967//939 968//939
f 976//939 968//939 977//939
f 977//940 968//940 969//940
f 977//940 969//940 978//940
f 978//941 969//941 970//941
f 978//942 970//942 979//942
f 979//943 970//943 971//943
f 979//944 971//944 980//944
f 980//945 971//945 972//945
f 980//945 972//945 981//945
f 981//946 972//946 973//946
f 981//947 973//947 982//947
f 982//948 973//948 974//948
f 982//948 974//948 983//948
f 983//949 974//949 794//949
f 983//949 794//949 198//949
f 904//950 123//950 898//950
f 795//951 796//951 958//951
f 958//899 796//899 942//899
f 958//952 942//952 950//952
f 950//953 942//953 929//953
f 950//954 929//954 943//954
f 943//955 929//955 918//955
f 943//881 918//881 931//881
f 931//851 918//851 909//851
f 931//956 909//956 920//956
f 920//839 909//839 901//839
f 920//853 901//853 911//853
f 911//830 901//830 895//830
f 911//957 895//957 903//957
f 903//824 895//824 897//824
f 903//832 897//832 904//832
f 904//958 897//958 123//958
f 30//959 6//959 984//959
f 984//960 6//960 885//960
f 984//961 885//961 985//961
f 985//962 885//962 986//962
f 986//963 885//963 886//963
f 986//964 886//964 987//964
f 987//965 886//965 988//965
f 988//966 886//966 887//966
f 988//967 887//967 989//967
f 989//968 887//968 990//968
f 990//969 887//969 888//969
f 990//970 888//970 991//970
f 991//971 888//971 889//971
f 991//972 889//972 992//972
f 992//973 889//973 890//973
f 992//973 890//973 993//973
f 993//974 890//974 891//974
f 993//974 891//974 994//974
f 994//975 891//975 892//975
f 994//975 892//975 995//975
f 995//976 892//976 893//976
f 995//976 893//976 996//976
f 996//977 893//977 202//977
f 996//977 202//977 207//977
f 207//978 216//978 975//978
f 207//978 975//978 996//978
f 996//979 975//979 976//979
f 996//979 976//979 995//979
f 995//980 976//980 977//980
f 995//980 977//980 994//980
f 994//981 977//981 978//981
f 994//981 978//981 993//981
f 993//982 978//982 979//982
f 993//982 979//982 992//982
f 992//983 979//983 980//983
f 992//984 980//984 991//984
f 991//985 980//985 990//985
f 990//986 980//986 981//986
f 990//987 981//987 989//987
f 989//988 981//988 988//988
f 988//989 981//989 982//989
f 988//990 982//990 987//990
f 987//991 982//991 986//991
f 986//992 982//992 983//992
f 986//993 983//993 985//993
f 985//994 983//994 984//994
f 984//995 983//995 198//995
f 984//996 198//996 30//996
f 997//997 254//997 998//997
f 998//997 254//997 242//997
f 998//998 242//998 999//998
f 999//998 242//998 241//998
f 999//999 241//999 1000//999
f 1000//999 241//999 263//999
f 1000//1000 263//1000 1001//1000
f 1001//1000 263//1000 262//1000
f 1001//1001 262//1001 1002//1001
f 1002//1001 262//1001 261//1001
f 1002//1002 261//1002 1003//1002
f 1003//1002 261//1002 279//1002
f 1003//1003 279//1003 1004//1003
f 1004//1003 279//1003 278//1003
f 1004//1004 278//1004 1005//1004
f 1005//1004 278//1004 277//1004
f 1005//1005 277//1005 1006//1005
f 1006//1005 277//1005 276//1005
f 1006//1006 276//1006 1007//1006
f 1007//1006 276//1006 275//1006
f 1007//1007 275//1007 1008//1007
f 1008//1007 275//1007 245//1007
f 1008//1008 245//1008 1009//1008
f 1009//1008 245//1008 244//1008
f 1009//1009 244//1009 1010//1009
f 1010//1009 244//1009 293//1009
f 1010//1010 293//1010 1011//1010
f 1011//1010 293//1010 273//1010
f 1011//1011 273//1011 1012//1011
f 1012//1011 273//1011 272//1011
f 1012//1012 272//1012 1013//1012
f 1013//1012 272//1012 315//1012
f 1013//1013 315//1013 1014//1013
f 1014//1013 315//1013 314//1013
f 1014//1014 314//1014 1015//1014
f 1015//1014 314//1014 313//1014
f 1015//5 313//5 1016//5
f 1016//5 313//5 312//5
f 1016//1015 312//1015 1017//1015
f 1017//1015 312//1015 311//1015
f 1017//1016 311//1016 1018//1016
f 1018//1016 311//1016 289//1016
f 1018//1017 289//1017 1019//1017
f 1019//1017 289//1017 288//1017
f 1019//1018 288//1018 1020//1018
f 1020//1018 288//1018 316//1018
f 1020//1019 316//1019 1021//1019
f 1021//1019 316//1019 290//1019
f 1021//1020 290//1020 1022//1020
f 1022//1020 290//1020 305//1020
f 1022//1021 305//1021 1023//1021
f 1023//1021 305//1021 304//1021
f 1023//1022 304//1022 1024//1022
f 1024//1022 304//1022 303//1022
f 1024//1023 303//1023 1025//1023
f 1025//1023 303//1023 287//1023
f 1025//1024 287//1024 1026//1024
f 1026//1024 287//1024 286//1024
f 1026//1025 286//1025 1027//1025
f 1027//1025 286//1025 285//1025
f 1027//1026 285//1026 1028//1026
f 1028//1026 285//1026 260//1026
f 1028//1027 260//1027 1029//1027
f 1029//1027 260//1027 259//1027
f 1029//1028 259//1028 1030//1028
f 1030//1028 259//1028 258//1028
f 1030//1029 258//1029 1031//1029
f 1031//1029 258//1029 257//1029
f 1031//1030 257//1030 1032//1030
f 1032//1030 257//1030 256//1030
f 1032//1031 256//1031 1033//1031
f 1033//1031 256//1031 255//1031
f 1033//1032 255//1032 997//1032
f 997//1032 255//1032 254//1032
f 997//8 998//8 1034//8
f 1031//8 1032//8 1034//8
f 1034//8 1032//8 1033//8
f 1034//8 1033//8 997//8
f 1028//8 1029//8 1034//8
f 1034//8 1029//8 1030//8
f 1034//8 1030//8 1031//8
f 1025//8 1026//8 1034//8
f 1034//8 1026//8 1027//8
f 1034//8 1027//8 1028//8
f 1022//8 1023//8 1034//8
f 1034//8 1023//8 1024//8
f 1034//8 1024//8 1025//8
f 1019//8 1020//8 1034//8
f 1034//8 1020//8 1021//8
f 1034//8 1021//8 1022//8
f 1016//8 1017//8 1034//8
f 1034//8 1017//8 1018//8
f 1034//8 1018//8 1019//8
f 1013//8 1014//8 1034//8
f 1034//8 1014//8 1015//8
f 1034//8 1015//8 1016//8
f 1010//8 1011//8 1034//8
f 1034//8 1011//8 1012//8
f 1034//8 1012//8 1013//8
f 1007//8 1008//8 1034//8
f 1034//8 1008//8 1009//8
f 1034//8 1009//8 1010//8
f 1004//8 1005//8 1034//8
f 1034//8 1005//8 1006//8
f 1034//8 1006//8 1007//8
f 1001//8 1002//8 1034//8
f 1034//8 1002//8 1003//8
f 1034//8 1003//8 1004//8
f 998//8 999//8 1034//8
f 1034//8 999//8 1000//8
f 1034//8 1000//8 1001//8
f 1035//997 246//997 1036//997
f 1036//997 246//997 291//997
f 1036//998 291//998 1037//998
f 1037//998 291//998 292//998
f 1037//999 292//999 1038//999
f 1038//999 292//999 318//999
f 1038//1000 318//1000 1039//1000
f 1039//1000 318//1000 317//1000
f 1039//1001 317//1001 1040//1001
f 1040//1001 317//1001 274//1001
f 1040//1002 274//1002 1041//1002
f 1041//1002 274//1002 284//1002
f 1041//1003 284//1003 1042//1003
f 1042//1003 284//1003 283//1003
f 1042//1004 283//1004 1043//1004
f 1043//1004 283//1004 271//1004
f 1043//1005 271//1005 1044//1005
f 1044//1005 271//1005 310//1005
f 1044//1006 310//1006 1045//1006
f 1045//1006 310//1006 309//1006
f 1045//1007 309//1007 1046//1007
f 1046//1007 309//1007 308//1007
f 1046//1008 308//1008 1047//1008
f 1047//1033 308//1033 307//1033
f 1047//1009 307//1009 1048//1009
f 1048//1009 307//1009 306//1009
f 1048//1010 306//1010 1049//1010
f 1049//1010 306//1010 302//1010
f 1049//1011 302//1011 1050//1011
f 1050//1011 302//1011 301//1011
f 1050//1012 301//1012 1051//1012
f 1051//1012 301//1012 300//1012
f 1051//1013 300//1013 1052//1013
f 1052//1013 300//1013 297//1013
f 1052//1014 297//1014 1053//1014
f 1053//1014 297//1014 298//1014
f 1053//5 298//5 1054//5
f 1054//5 298//5 299//5
f 1054//1015 299//1015 1055//1015
f 1055//1015 299//1015 269//1015
f 1055//1016 269//1016 1056//1016
f 1056//1016 269//1016 268//1016
f 1056//1017 268//1017 1057//1017
f 1057//1017 268//1017 267//1017
f 1057//1018 267//1018 1058//1018
f 1058//1018 267//1018 266//1018
f 1058//1019 266//1019 1059//1019
f 1059//1019 266//1019 265//1019
f 1059//1020 265//1020 1060//1020
f 1060//1020 265//1020 282//1020
f 1060//1021 282//1021 1061//1021
f 1061//1021 282//1021 281//1021
f 1061//1022 281//1022 1062//1022
f 1062//1022 281//1022 280//1022
f 1062//1023 280//1023 1063//1023
f 1063//1023 280//1023 296//1023
f 1063//1024 296//1024 1064//1024
f 1064//1024 296//1024 295//1024
f 1064//1025 295//1025 1065//1025
f 1065//1025 295//1025 294//1025
f 1065//1026 294//1026 1066//1026
f 1066//1026 294//1026 253//1026
f 1066//1027 253//1027 1067//1027
f 1067//1027 253//1027 252//1027
f 1067//1028 252//1028 1068//1028
f 1068//1028 252//1028 251//1028
f 1068//1029 251//1029 1069//1029
f 1069//1029 251//1029 250//1029
f 1069//1030 250//1030 1070//1030
f 1070//1030 250//1030 249//1030
f 1070//1031 249//1031 1071//1031
f 1071//1031 249//1031 247//1031
f 1071//1032 247//1032 1035//1032
f 1035//1032 247//1032 246//1032
f 1035//8 1036//8 1072//8
f 1069//8 1070//8 1072//8
f 1072//8 1070//8 1071//8
f 1072//8 1071//8 1035//8
f 1066//8 1067//8 1072//8
f 1072//8 1067//8 1068//8
f 1072//8 1068//8 1069//8
f 1063//8 1064//8 1072//8
f 1072//8 1064//8 1065//8
f 1072//8 1065//8 1066//8
f 1060//8 1061//8 1072//8
f 1072//8 1061//8 1062//8
f 1072//8 1062//8 1063//8
f 1057//8 1058//8 1072//8
f 1072//8 1058//8 1059//8
f 1072//8 1059//8 1060//8
f 1054//8 1055//8 1072//8
f 1072//8 1055//8 1056//8
f 1072//8 1056//8 1057//8
f 1051//8 1052//8 1072//8
f 1072//8 1052//8 1053//8
f 1072//8 1053//8 1054//8
f 1048//8 1049//8 1072//8
f 1072//8 1049//8 1050//8
f 1072//8 1050//8 1051//8
f 1045//8 1046//8 1072//8
f 1072//8 1046//8 1047//8
f 1072//8 1047//8 1048//8
f 1042//8 1043//8 1072//8
f 1072//8 1043//8 1044//8
f 1072//8 1044//8 1045//8
f 1039//8 1040//8 1072//8
f 1072//8 1040//8 1041//8
f 1072//8 1041//8 1042//8
f 1036//8 1037//8 1072//8
f 1072//8 1037//8 1038//8
f 1072//8 1038//8 1039//8
f 1073//1034 187//1034 1074//1034
f 1074//1034 187//1034 159//1034
f 1074//1035 159//1035 1075//1035
f 1075//1035 159//1035 158//1035
f 1075//1036 158//1036 1076//1036
f 1076//1036 158//1036 157//1036
f 1076//1037 157//1037 1077//1037
f 1077//1037 157//1037 156//1037
f 1077//1038 156//1038 1078//1038
f 1078//1038 156//1038 155//1038
f 1078//1039 155//1039 1079//1039
f 1079//1039 155//1039 154//1039
f 1079//1040 154//1040 1080//1040
f 1080//1040 154//1040 121//1040
f 1080//1041 121//1041 1081//1041
f 1081//1041 121//1041 120//1041
f 1081//1042 120//1042 1082//1042
f 1082//1042 120//1042 142//1042
f 1082//1043 142//1043 1083//1043
f 1083//1043 142//1043 141//1043
f 1083//1044 141//1044 1084//1044
f 1084//1044 141//1044 140//1044
f 1084//1045 140//1045 1085//1045
f 1085//1045 140//1045 139//1045
f 1085//1046 139//1046 1086//1046
f 1086//1046 139//1046 138//1046
f 1086//1047 138//1047 1087//1047
f 1087//1047 138//1047 137//1047
f 1087//1048 137//1048 1088//1048
f 1088//1048 137//1048 176//1048
f 1088//1049 176//1049 1089//1049
f 1089//1049 176//1049 173//1049
f 1089//1050 173//1050 1090//1050
f 1090//1050 173//1050 172//1050
f 1090//1051 172//1051 1091//1051
f 1091//1051 172//1051 171//1051
f 1091//7 171//7 1092//7
f 1092//7 171//7 146//7
f 1092//1052 146//1052 1093//1052
f 1093//1052 146//1052 144//1052
f 1093//1053 144//1053 1094//1053
f 1094//1053 144//1053 143//1053
f 1094//1054 143//1054 1095//1054
f 1095//1054 143//1054 194//1054
f 1095//1055 194//1055 1096//1055
f 1096//1055 194//1055 193//1055
f 1096//1056 193//1056 1097//1056
f 1097//1056 193//1056 191//1056
f 1097//1057 191//1057 1098//1057
f 1098//1057 191//1057 168//1057
f 1098//1058 168//1058 1099//1058
f 1099//1058 168//1058 166//1058
f 1099//1059 166//1059 1100//1059
f 1100//1059 166//1059 163//1059
f 1100//1060 163//1060 1101//1060
f 1101//1060 163//1060 164//1060
f 1101//1061 164//1061 1102//1061
f 1102//1061 164//1061 165//1061
f 1102//1062 165//1062 1103//1062
f 1103//1062 165//1062 180//1062
f 1103//1063 180//1063 1104//1063
f 1104//1063 180//1063 179//1063
f 1104//1064 179//1064 1105//1064
f 1105//1064 179//1064 162//1064
f 1105//1065 162//1065 1106//1065
f 1106//1065 162//1065 161//1065
f 1106//1066 161//1066 1107//1066
f 1107//1066 161//1066 160//1066
f 1107//1067 160//1067 1108//1067
f 1108//1067 160//1067 189//1067
f 1108//1068 189//1068 1109//1068
f 1109//1068 189//1068 188//1068
f 1109//1069 188//1069 1073//1069
f 1073//1069 188//1069 187//1069
f 1073//5 1074//5 1110//5
f 1107//5 1108//5 1110//5
f 1110//5 1108//5 1109//5
f 1110//5 1109//5 1073//5
f 1104//5 1105//5 1110//5
f 1110//5 1105//5 1106//5
f 1110//5 1106//5 1107//5
f 1101//5 1102//5 1110//5
f 1110//5 1102//5 1103//5
f 1110//5 1103//5 1104//5
f 1098//5 1099//5 1110//5
f 1110//5 1099//5 1100//5
f 1110//5 1100//5 1101//5
f 1095//5 1096//5 1110//5
f 1110//5 1096//5 1097//5
f 1110//5 1097//5 1098//5
f 1092//5 1093//5 1110//5
f 1110//5 1093//5 1094//5
f 1110//5 1094//5 1095//5
f 1089//5 1090//5 1110//5
f 1110//5 1090//5 1091//5
f 1110//5 1091//5 1092//5
f 1086//5 1087//5 1110//5
f 1110//5 1087//5 1088//5
f 1110//5 1088//5 1089//5
f 1083//5 1084//5 1110//5
f 1110//5 1084//5 1085//5
f 1110//5 1085//5 1086//5
f 1080//5 1081//5 1110//5
f 1110//5 1081//5 1082//5
f 1110//5 1082//5 1083//5
f 1077//5 1078//5 1110//5
f 1110//5 1078//5 1079//5
f 1110//5 1079//5 1080//5
f 1074//5 1075//5 1110//5
f 1110//5 1075//5 1076//5
f 1110//5 1076//5 1077//5
f 1111//1034 124//1034 1112//1034
f 1112//1034 124//1034 170//1034
f 1112//1035 170//1035 1113//1035
f 1113//1035 170//1035 167//1035
f 1113//1036 167//1036 1114//1036
f 1114//1036 167//1036 169//1036
f 1114//1037 169//1037 1115//1037
f 1115//1037 169//1037 190//1037
f 1115//1038 190//1038 1116//1038
f 1116//1038 190//1038 192//1038
f 1116//1039 192//1039 1117//1039
f 1117//1039 192//1039 145//1039
f 1117//1040 145//1040 1118//1040
f 1118//1040 145//1040 177//1040
f 1118//1041 177//1041 1119//1041
f 1119//1041 177//1041 178//1041
f 1119//1042 178//1042 1120//1042
f 1120//1042 178//1042 153//1042
f 1120//1043 153//1043 1121//1043
f 1121//1043 153//1043 152//1043
f 1121//1044 152//1044 1122//1044
f 1122//1044 152//1044 151//1044
f 1122//1045 151//1045 1123//1045
f 1123//1045 151//1045 133//1045
f 1123//1046 133//1046 1124//1046
f 1124//1046 133//1046 132//1046
f 1124//1047 132//1047 1125//1047
f 1125//1047 132//1047 186//1047
f 1125//1048 186//1048 1126//1048
f 1126//1048 186//1048 185//1048
f 1126//1049 185//1049 1127//1049
f 1127//1049 185//1049 184//1049
f 1127//1050 184//1050 1128//1050
f 1128//1050 184//1050 197//1050
f 1128//1051 197//1051 1129//1051
f 1129//1051 197//1051 196//1051
f 1129//7 196//7 1130//7
f 1130//7 196//7 195//7
f 1130//1052 195//1052 1131//1052
f 1131//1052 195//1052 183//1052
f 1131//1053 183//1053 1132//1053
f 1132//1053 183//1053 182//1053
f 1132//1054 182//1054 1133//1054
f 1133//1054 182//1054 181//1054
f 1133//1055 181//1055 1134//1055
f 1134//1055 181//1055 150//1055
f 1134//1056 150//1056 1135//1056
f 1135//1056 150//1056 149//1056
f 1135//1057 149//1057 1136//1057
f 1136//1057 149//1057 148//1057
f 1136//1058 148//1058 1137//1058
f 1137//1058 148//1058 135//1058
f 1137//1059 135//1059 1138//1059
f 1138//1059 135//1059 134//1059
f 1138//1060 134//1060 1139//1060
f 1139//1060 134//1060 147//1060
f 1139//1061 147//1061 1140//1061
f 1140//1061 147//1061 130//1061
f 1140//1062 130//1062 1141//1062
f 1141//1062 130//1062 129//1062
f 1141//1063 129//1063 1142//1063
f 1142//1063 129//1063 175//1063
f 1142//1064 175//1064 1143//1064
f 1143//1064 175//1064 174//1064
f 1143//1065 174//1065 1144//1065
f 1144//1065 174//1065 128//1065
f 1144//1066 128//1066 1145//1066
f 1145//1066 128//1066 127//1066
f 1145//1067 127//1067 1146//1067
f 1146//1067 127//1067 126//1067
f 1146//1068 126//1068 1147//1068
f 1147//1068 126//1068 125//1068
f 1147//1069 125//1069 1111//1069
f 1111//1069 125//1069 124//1069
f 1111//5 1112//5 1148//5
f 1145//5 1146//5 1148//5
f 1148//5 1146//5 1147//5
f 1148//5 1147//5 1111//5
f 1142//5 1143//5 1148//5
f 1148//5 1143//5 1144//5
f 1148//5 1144//5 1145//5
f 1139//5 1140//5 1148//5
f 1148//5 1140//5 1141//5
f 1148//5 1141//5 1142//5
f 1136//5 1137//5 1148//5
f 1148//5 1137//5 1138//5
f 1148//5 1138//5 1139//5
f 1133//5 1134//5 1148//5
f 1148//5 1134//5 1135//5
f 1148//5 1135//5 1136//5
f 1130//5 1131//5 1148//5
f 1148//5 1131//5 1132//5
f 1148//5 1132//5 1133//5
f 1127//5 1128//5 1148//5
f 1148//5 1128//5 1129//5
f 1148//5 1129//5 1130//5
f 1124//5 1125//5 1148//5
f 1148//5 1125//5 1126//5
f 1148//5 1126//5 1127//5
f 1121//5 1122//5 1148//5
f 1148//5 1122//5 1123//5
f 1148//5 1123//5 1124//5
f 1118//5 1119//5 1148//5
f 1148//5 1119//5 1120//5
f 1148//5 1120//5 1121//5
f 1115//5 1116//5 1148//5
f 1148//5 1116//5 1117//5
f 1148//5 1117//5 1118//5
f 1112//5 1113//5 1148//5
f 1148//5 1113//5 1114//5
f 1148//5 1114//5 1115//5
f 1149//1070 10//1070 1150//1070
f 1150//1070 10//1070 9//1070
f 1150//1071 9//1071 1151//1071
f 1151//1071 9//1071 32//1071
f 1151//1072 32//1072 1152//1072
f 1152//1072 32//1072 31//1072
f 1152//1073 31//1073 1153//1073
f 1153//1073 31//1073 17//1073
f 1153//1074 17//1074 1154//1074
f 1154//1074 17//1074 16//1074
f 1154//1075 16//1075 1155//1075
f 1155//1075 16//1075 15//1075
f 1155//1076 15//1076 1156//1076
f 1156//1076 15//1076 8//1076
f 1156//1077 8//1077 1157//1077
f 1157//1077 8//1077 7//1077
f 1157//1078 7//1078 1158//1078
f 1158//1078 7//1078 5//1078
f 1158//1079 5//1079 1159//1079
f 1159//1079 5//1079 4//1079
f 1159//1080 4//1080 1160//1080
f 1160//1080 4//1080 38//1080
f 1160//1081 38//1081 1161//1081
f 1161//1081 38//1081 37//1081
f 1161//1082 37//1082 1162//1082
f 1162//1082 37//1082 36//1082
f 1162//1083 36//1083 1163//1083
f 1163//1083 36//1083 29//1083
f 1163//1084 29//1084 1164//1084
f 1164//1084 29//1084 28//1084
f 1164//1085 28//1085 1165//1085
f 1165//1085 28//1085 41//1085
f 1165//1086 41//1086 1166//1086
f 1166//1086 41//1086 40//1086
f 1166//1087 40//1087 1167//1087
f 1167//1087 40//1087 39//1087
f 1167//2 39//2 1168//2
f 1168//2 39//2 27//2
f 1168//1088 27//1088 1169//1088
f 1169//1088 27//1088 26//1088
f 1169//1089 26//1089 1170//1089
f 1170//1089 26//1089 25//1089
f 1170//1090 25//1090 1171//1090
f 1171//1090 25//1090 24//1090
f 1171//1091 24//1091 1172//1091
f 1172//1091 24//1091 23//1091
f 1172//1092 23//1092 1173//1092
f 1173//1092 23//1092 21//1092
f 1173//1093 21//1093 1174//1093
f 1174//1093 21//1093 20//1093
f 1174//1094 20//1094 1175//1094
f 1175//1094 20//1094 35//1094
f 1175//1095 35//1095 1176//1095
f 1176//1095 35//1095 34//1095
f 1176//1096 34//1096 1177//1096
f 1177//1096 34//1096 33//1096
f 1177//1097 33//1097 1178//1097
f 1178//1097 33//1097 2//1097
f 1178//1098 2//1098 1179//1098
f 1179//1098 2//1098 1//1098
f 1179//1099 1//1099 1180//1099
f 1180//1099 1//1099 19//1099
f 1180//1100 19//1100 1181//1100
f 1181//1100 19//1100 18//1100
f 1181//1101 18//1101 1182//1101
f 1182//1101 18//1101 14//1101
f 1182//1102 14//1102 1183//1102
f 1183//1102 14//1102 13//1102
f 1183//1103 13//1103 1184//1103
f 1184//1103 13//1103 12//1103
f 1184//1104 12//1104 1185//1104
f 1185//1104 12//1104 11//1104
f 1185//1105 11//1105 1149//1105
f 1149//1105 11//1105 10//1105
f 1149//1 1150//1 1186//1
f 1183//1 1184//1 1186//1
f 1186//1 1184//1 1185//1
f 1186//1 1185//1 1149//1
f 1180//1 1181//1 1186//1
f 1186//1 1181//1 1182//1
f 1186//1 1182//1 1183//1
f 1177//1 1178//1 1186//1
f 1186//1 1178//1 1179//1
f 1186//1 1179//1 1180//1
f 1174//1 1175//1 1186//1
f 1186//1 1175//1 1176//1
f 1186//1 1176//1 1177//1
f 1171//1 1172//1 1186//1
f 1186//1 1172//1 1173//1
f 1186//1 1173//1 1174//1
f 1168//1 1169//1 1186//1
f 1186//1 1169//1 1170//1
f 1186//1 1170//1 1171//1
f 1165//1 1166//1 1186//1
f 1186//1 1166//1 1167//1
f 1186//1 1167//1 1168//1
f 1162//1 1163//1 1186//1
f 1186//1 1163//1 1164//1
f 1186//1 1164//1 1165//1
f 1159//1 1160//1 1186//1
f 1186//1 1160//1 1161//1
f 1186//1 1161//1 1162//1
f 1156//1 1157//1 1186//1
f 1186//1 1157//1 1158//1
f 1186//1 1158//1 1159//1
f 1153//1 1154//1 1186//1
f 1186//1 1154//1 1155//1
f 1186//1 1155//1 1156//1
f 1150//1 1151//1 1186//1
f 1186//1 1151//1 1152//1
f 1186//1 1152//1 1153//1
f 1187//1106 210//1106 1188//1106
f 1188//1106 210//1106 204//1106
f 1188//1107 204//1107 1189//1107
f 1189//1107 204//1107 203//1107
f 1189//1108 203//1108 1190//1108
f 1190//1108 203//1108 201//1108
f 1190//1109 201//1109 1191//1109
f 1191//1109 201//1109 200//1109
f 1191//1110 200//1110 1192//1110
f 1192//1111 200//1111 231//1111
f 1192//1112 231//1112 1193//1112
f 1193//1112 231//1112 230//1112
f 1193//1113 230//1113 1194//1113
f 1194//1113 230//1113 221//1113
f 1194//1114 221//1114 1195//1114
f 1195//1114 221//1114 220//1114
f 1195//1115 220//1115 1196//1115
f 1196//1115 220//1115 219//1115
f 1196//1116 219//1116 1197//1116
f 1197//1116 219//1116 240//1116
f 1197//1117 240//1117 1198//1117
f 1198//1117 240//1117 239//1117
f 1198//1118 239//1118 1199//1118
f 1199//1118 239//1118 238//1118
f 1199//1119 238//1119 1200//1119
f 1200//1119 238//1119 237//1119
f 1200//1120 237//1120 1201//1120
f 1201//1120 237//1120 236//1120
f 1201//1121 236//1121 1202//1121
f 1202//1121 236//1121 235//1121
f 1202//1122 235//1122 1203//1122
f 1203//1122 235//1122 229//1122
f 1203//1123 229//1123 1204//1123
f 1204//1123 229//1123 228//1123
f 1204//1124 228//1124 1205//1124
f 1205//1124 228//1124 227//1124
f 1205//1 227//1 1206//1
f 1206//1 227//1 226//1
f 1206//1125 226//1125 1207//1125
f 1207//1125 226//1125 225//1125
f 1207//1126 225//1126 1208//1126
f 1208//1126 225//1126 223//1126
f 1208//1127 223//1127 1209//1127
f 1209//1127 223//1127 222//1127
f 1209//1128 222//1128 1210//1128
f 1210//1128 222//1128 218//1128
f 1210//1129 218//1129 1211//1129
f 1211//1129 218//1129 217//1129
f 1211//1130 217//1130 1212//1130
f 1212//1130 217//1130 234//1130
f 1212//1131 234//1131 1213//1131
f 1213//1131 234//1131 233//1131
f 1213//1132 233//1132 1214//1132
f 1214//1132 233//1132 232//1132
f 1214//1133 232//1133 1215//1133
f 1215//1133 232//1133 215//1133
f 1215//1134 215//1134 1216//1134
f 1216//1134 215//1134 214//1134
f 1216//1135 214//1135 1217//1135
f 1217//1135 214//1135 213//1135
f 1217//1136 213//1136 1218//1136
f 1218//1136 213//1136 209//1136
f 1218//1137 209//1137 1219//1137
f 1219//1137 209//1137 208//1137
f 1219//1138 208//1138 1220//1138
f 1220//1138 208//1138 206//1138
f 1220//1139 206//1139 1221//1139
f 1221//1139 206//1139 205//1139
f 1221//1140 205//1140 1222//1140
f 1222//1140 205//1140 212//1140
f 1222//1141 212//1141 1223//1141
f 1223//1141 212//1141 211//1141
f 1223//1142 211//1142 1187//1142
f 1187//1142 211//1142 210//1142
f 1187//7 1188//7 1224//7
f 1221//7 1222//7 1224//7
f 1224//7 1222//7 1223//7
f 1224//7 1223//7 1187//7
f 1218//7 1219//7 1224//7
f 1224//7 1219//7 1220//7
f 1224//7 1220//7 1221//7
f 1215//7 1216//7 1224//7
f 1224//7 1216//7 1217//7
f 1224//7 1217//7 1218//7
f 1212//7 1213//7 1224//7
f 1224//7 1213//7 1214//7
f 1224//7 1214//7 1215//7
f 1209//7 1210//7 1224//7
f 1224//7 1210//7 1211//7
f 1224//7 1211//7 1212//7
f 1206//7 1207//7 1224//7
f 1224//7 1207//7 1208//7
f 1224//7 1208//7 1209//7
f 1203//7 1204//7 1224//7
f 1224//7 1204//7 1205//7
f 1224//7 1205//7 1206//7
f 1200//7 1201//7 1224//7
f 1224//7 1201//7 1202//7
f 1224//7 1202//7 1203//7
f 1197//7 1198//7 1224//7
f 1224//7 1198//7 1199//7
f 1224//7 1199//7 1200//7
f 1194//7 1195//7 1224//7
f 1224//7 1195//7 1196//7
f 1224//7 1196//7 1197//7
f 1191//7 1192//7 1224//7
f 1224//7 1192//7 1193//7
f 1224//7 1193//7 1194//7
f 1188//7 1189//7 1224//7
f 1224//7 1189//7 1190//7
f 1224//7 1190//7 1191//7
f 1225//1143 70//1143 1226//1143
f 1226//1143 70//1143 69//1143
f 1226//1144 69//1144 1227//1144
f 1227//1144 69//1144 68//1144
f 1227//1145 68//1145 1228//1145
f 1228//1145 68//1145 67//1145
f 1228//1146 67//1146 1229//1146
f 1229//1146 67//1146 66//1146
f 1229//1147 66//1147 1230//1147
f 1230//1147 66//1147 65//1147
f 1230//1148 65//1148 1231//1148
f 1231//1148 65//1148 88//1148
f 1231//1149 88//1149 1232//1149
f 1232//1149 88//1149 87//1149
f 1232//1150 87//1150 1233//1150
f 1233//1150 87//1150 86//1150
f 1233//1151 86//1151 1234//1151
f 1234//1151 86//1151 104//1151
f 1234//1152 104//1152 1235//1152
f 1235//1152 104//1152 103//1152
f 1235//1153 103//1153 1236//1153
f 1236//1153 103//1153 102//1153
f 1236//1154 102//1154 1237//1154
f 1237//1154 102//1154 108//1154
f 1237//1155 108//1155 1238//1155
f 1238//1155 108//1155 96//1155
f 1238//1156 96//1156 1239//1156
f 1239//1156 96//1156 94//1156
f 1239//1157 94//1157 1240//1157
f 1240//1157 94//1157 93//1157
f 1240//1158 93//1158 1241//1158
f 1241//1158 93//1158 85//1158
f 1241//1159 85//1159 1242//1159
f 1242//1159 85//1159 84//1159
f 1242//1160 84//1160 1243//1160
f 1243//1160 84//1160 83//1160
f 1243//7 83//7 1244//7
f 1244//7 83//7 63//7
f 1244//1161 63//1161 1245//1161
f 1245//1161 63//1161 62//1161
f 1245//1162 62//1162 1246//1162
f 1246//1162 62//1162 60//1162
f 1246//1163 60//1163 1247//1163
f 1247//1163 60//1163 59//1163
f 1247//1164 59//1164 1248//1164
f 1248//1164 59//1164 75//1164
f 1248//1165 75//1165 1249//1165
f 1249//1165 75//1165 98//1165
f 1249//1166 98//1166 1250//1166
f 1250//1166 98//1166 92//1166
f 1250//1167 92//1167 1251//1167
f 1251//1167 92//1167 91//1167
f 1251//1168 91//1168 1252//1168
f 1252//1168 91//1168 90//1168
f 1252//1169 90//1169 1253//1169
f 1253//1169 90//1169 89//1169
f 1253//1170 89//1170 1254//1170
f 1254//1170 89//1170 58//1170
f 1254//1171 58//1171 1255//1171
f 1255//1171 58//1171 57//1171
f 1255//1172 57//1172 1256//1172
f 1256//1172 57//1172 55//1172
f 1256//1173 55//1173 1257//1173
f 1257//1173 55//1173 54//1173
f 1257//1174 54//1174 1258//1174
f 1258//1174 54//1174 74//1174
f 1258//1175 74//1175 1259//1175
f 1259//1175 74//1175 73//1175
f 1259//1176 73//1176 1260//1176
f 1260//1176 73//1176 72//1176
f 1260//1177 72//1177 1261//1177
f 1261//1177 72//1177 71//1177
f 1261//1178 71//1178 1225//1178
f 1225//1178 71//1178 70//1178
f 1225//2 1226//2 1262//2
f 1259//2 1260//2 1262//2
f 1262//2 1260//2 1261//2
f 1262//2 1261//2 1225//2
f 1256//2 1257//2 1262//2
f 1262//2 1257//2 1258//2
f 1262//2 1258//2 1259//2
f 1253//2 1254//2 1262//2
f 1262//2 1254//2 1255//2
f 1262//2 1255//2 1256//2
f 1250//2 1251//2 1262//2
f 1262//2 1251//2 1252//2
f 1262//2 1252//2 1253//2
f 1247//2 1248//2 1262//2
f 1262//2 1248//2 1249//2
f 1262//2 1249//2 1250//2
f 1244//2 1245//2 1262//2
f 1262//2 1245//2 1246//2
f 1262//2 1246//2 1247//2
f 1241//2 1242//2 1262//2
f 1262//2 1242//2 1243//2
f 1262//2 1243//2 1244//2
f 1238//2 1239//2 1262//2
f 1262//2 1239//2 1240//2
f 1262//2 1240//2 1241//2
f 1235//2 1236//2 1262//2
f 1262//2 1236//2 1237//2
f 1262//2 1237//2 1238//2
f 1232//2 1233//2 1262//2
f 1262//2 1233//2 1234//2
f 1262//2 1234//2 1235//2
f 1229//2 1230//2 1262//2
f 1262//2 1230//2 1231//2
f 1262//2 1231//2 1232//2
f 1226//2 1227//2 1262//2
f 1262//2 1227//2 1228//2
f 1262//2 1228//2 1229//2
f 1263//1143 52//1143 1264//1143
f 1264//1143 52//1143 51//1143
f 1264//1144 51//1144 1265//1144
f 1265//1144 51//1144 50//1144
f 1265//1145 50//1145 1266//1145
f 1266//1145 50//1145 49//1145
f 1266//1146 49//1146 1267//1146
f 1267//1146 49//1146 48//1146
f 1267//1147 48//1147 1268//1147
f 1268//1147 48//1147 43//1147
f 1268//1148 43//1148 1269//1148
f 1269//1148 43//1148 42//1148
f 1269//1149 42//1149 1270//1149
f 1270//1149 42//1149 82//1149
f 1270//1150 82//1150 1271//1150
f 1271//1150 82//1150 81//1150
f 1271//1151 81//1151 1272//1151
f 1272//1151 81//1151 79//1151
f 1272//1152 79//1152 1273//1152
f 1273//1179 79//1179 78//1179
f 1273//1153 78//1153 1274//1153
f 1274//1153 78//1153 107//1153
f 1274//1154 107//1154 1275//1154
f 1275//1154 107//1154 106//1154
f 1275//1155 106//1155 1276//1155
f 1276//1155 106//1155 105//1155
f 1276//1156 105//1156 1277//1156
f 1277//1156 105//1156 119//1156
f 1277//1157 119//1157 1278//1157
f 1278//1157 119//1157 118//1157
f 1278//1158 118//1158 1279//1158
f 1279//1158 118//1158 114//1158
f 1279//1159 114//1159 1280//1159
f 1280//1159 114//1159 113//1159
f 1280//1160 113//1160 1281//1160
f 1281//1160 113//1160 112//1160
f 1281//7 112//7 1282//7
f 1282//7 112//7 117//7
f 1282//1161 117//1161 1283//1161
f 1283//1161 117//1161 116//1161
f 1283//1162 116//1162 1284//1162
f 1284//1162 116//1162 115//1162
f 1284//1163 115//1163 1285//1163
f 1285//1163 115//1163 111//1163
f 1285//1164 111//1164 1286//1164
f 1286//1164 111//1164 110//1164
f 1286//1165 110//1165 1287//1165
f 1287//1165 110//1165 109//1165
f 1287//1166 109//1166 1288//1166
f 1288//1166 109//1166 101//1166
f 1288//1167 101//1167 1289//1167
f 1289//1167 101//1167 100//1167
f 1289//1168 100//1168 1290//1168
f 1290//1168 100//1168 99//1168
f 1290//1169 99//1169 1291//1169
f 1291//1169 99//1169 46//1169
f 1291//1170 46//1170 1292//1170
f 1292//1170 46//1170 45//1170
f 1292//1171 45//1171 1293//1171
f 1293//1171 45//1171 77//1171
f 1293//1172 77//1172 1294//1172
f 1294//1172 77//1172 76//1172
f 1294//1173 76//1173 1295//1173
f 1295//1173 76//1173 61//1173
f 1295//1174 61//1174 1296//1174
f 1296//1174 61//1174 95//1174
f 1296//1175 95//1175 1297//1175
f 1297//1175 95//1175 97//1175
f 1297//1176 97//1176 1298//1176
f 1298//1176 97//1176 64//1176
f 1298//1177 64//1177 1299//1177
f 1299//1177 64//1177 53//1177
f 1299//1178 53//1178 1263//1178
f 1263//1178 53//1178 52//1178
f 1263//2 1264//2 1300//2
f 1297//2 1298//2 1300//2
f 1300//2 1298//2 1299//2
f 1300//2 1299//2 1263//2
f 1294//2 1295//2 1300//2
f 1300//2 1295//2 1296//2
f 1300//2 1296//2 1297//2
f 1291//2 1292//2 1300//2
f 1300//2 1292//2 1293//2
f 1300//2 1293//2 1294//2
f 1288//2 1289//2 1300//2
f 1300//2 1289//2 1290//2
f 1300//2 1290//2 1291//2
f 1285//2 1286//2 1300//2
f 1300//2 1286//2 1287//2
f 1300//2 1287//2 1288//2
f 1282//2 1283//2 1300//2
f 1300//2 1283//2 1284//2
f 1300//2 1284//2 1285//2
f 1279//2 1280//2 1300//2
f 1300//2 1280//2 1281//2
f 1300//2 1281//2 1282//2
f 1276//2 1277//2 1300//2
f 1300//2 1277//2 1278//2
f 1300//2 1278//2 1279//2
f 1273//2 1274//2 1300//2
f 1300//2 1274//2 1275//2
f 1300//2 1275//2 1276//2
f 1270//2 1271//2 1300//2
f 1300//2 1271//2 1272//2
f 1300//2 1272//2 1273//2
f 1267//2 1268//2 1300//2
f 1300//2 1268//2 1269//2
f 1300//2 1269//2 1270//2
f 1264//2 1265//2 1300//2
f 1300//2 1265//2 1266//2
f 1300//2 1266//2 1267//2
